year,region,oni_value,rainfall_deviation,temperature_anomaly,drought_index,crop_production_index,crop_yield_tons_ha,agricultural_loss_pct,irrigation_coverage_pct,malnutrition_pct,food_security_index,infant_mortality_rate,stunting_pct,risk_score
1981,Andhra Pradesh,-0.2,-0.088,0.057,0.566,97.9,2.37,10.1,48.2,30.3,84.7,41.2,37.3,31.4
1982,Andhra Pradesh,1.3,-0.444,0.148,0.712,90.1,2.38,13.8,48.5,30.9,81.8,40.5,36.9,44.5
1983,Andhra Pradesh,-0.2,-0.131,0.023,0.468,99.0,2.42,9.6,50.3,30.1,87.3,42.3,36.9,28.6
1984,Andhra Pradesh,-0.4,-0.001,0.07,0.414,95.8,2.43,10.7,47.9,29.1,87.4,43.1,36.4,26.9
1985,Andhra Pradesh,-0.3,-0.074,0.084,0.452,97.3,2.38,10.1,49.1,30.1,84.9,40.8,34.9,26.4
1986,Andhra Pradesh,0.6,-0.353,0.096,0.649,94.3,2.4,12.9,49.5,30.7,84.0,41.9,37.2,37.6
1987,Andhra Pradesh,1.4,-0.5,0.222,0.727,89.9,2.34,15.9,49.3,31.1,81.7,44.3,37.3,48.9
1988,Andhra Pradesh,-1.3,0.13,-0.093,0.563,94.0,2.4,9.4,47.8,29.2,87.2,41.8,36.4,28.7
1989,Andhra Pradesh,-0.3,-0.123,0.004,0.436,96.7,2.38,8.1,51.2,29.9,89.0,45.0,37.0,25.1
1990,Andhra Pradesh,0.3,-0.109,0.115,0.51,92.9,2.44,11.0,51.4,30.7,86.1,40.8,34.5,31.3
1991,Andhra Pradesh,0.8,-0.367,0.028,0.648,91.1,2.36,12.6,51.3,30.5,81.9,44.0,37.2,39.5
1992,Andhra Pradesh,0.0,-0.217,0.037,0.531,97.8,2.43,10.3,53.9,29.5,85.0,38.7,36.1,30.3
1993,Andhra Pradesh,0.2,-0.233,0.043,0.579,96.6,2.38,10.8,51.5,30.3,87.9,40.2,38.8,32.2
1994,Andhra Pradesh,0.4,-0.24,0.121,0.573,94.5,2.4,11.7,51.5,30.5,85.1,43.0,36.8,34.1
1995,Andhra Pradesh,-0.6,-0.025,-0.051,0.531,94.2,2.42,8.3,51.9,29.9,86.0,41.2,36.6,28.4
1996,Andhra Pradesh,-0.3,-0.067,0.083,0.496,98.3,2.45,10.6,51.2,30.1,85.9,41.8,36.8,29.5
1997,Andhra Pradesh,1.9,-0.473,0.328,0.861,88.9,2.37,18.8,50.6,32.3,80.6,44.3,38.0,55.3
1998,Andhra Pradesh,-0.9,0.155,-0.048,0.495,94.8,2.39,11.8,54.1,29.8,87.0,40.3,37.6,29.0
1999,Andhra Pradesh,-1.0,0.105,-0.077,0.447,95.9,2.4,11.7,50.5,29.9,87.6,38.6,36.0,27.7
2000,Andhra Pradesh,-0.4,-0.048,-0.041,0.41,96.6,2.37,11.7,56.8,29.8,87.5,41.4,36.9,25.2
2001,Andhra Pradesh,-0.1,0.03,0.064,0.491,96.0,2.39,8.7,53.4,29.5,87.1,40.8,36.3,25.3
2002,Andhra Pradesh,0.8,-0.223,0.109,0.6,94.6,2.37,12.1,55.6,31.0,85.3,41.6,36.8,35.5
2003,Andhra Pradesh,0.2,-0.194,0.114,0.503,97.8,2.41,10.9,51.9,29.4,85.7,42.5,34.7,30.8
2004,Andhra Pradesh,0.5,-0.085,0.208,0.524,94.1,2.39,13.1,55.2,31.2,85.7,43.3,35.8,35.2
2005,Andhra Pradesh,-0.1,0.025,0.056,0.476,97.5,2.42,10.9,54.4,30.5,86.9,41.0,36.2,28.6
2006,Andhra Pradesh,0.4,-0.136,0.051,0.589,93.5,2.45,13.7,54.2,29.9,85.6,43.0,35.4,32.9
2007,Andhra Pradesh,-0.9,0.095,-0.07,0.469,96.6,2.41,8.9,54.4,30.4,87.8,40.4,35.1,27.6
2008,Andhra Pradesh,-0.3,-0.148,-0.013,0.502,97.6,2.4,10.0,53.0,29.8,86.8,41.8,36.5,29.0
2009,Andhra Pradesh,0.7,-0.186,0.195,0.641,95.5,2.4,11.9,56.6,31.0,84.9,43.6,36.9,39.5
2010,Andhra Pradesh,-1.3,0.083,-0.118,0.479,94.2,2.37,9.3,54.3,30.5,87.2,41.6,36.3,28.7
2011,Andhra Pradesh,-0.6,0.001,0.064,0.464,93.7,2.42,10.1,56.1,28.9,86.2,41.3,37.0,27.0
2012,Andhra Pradesh,0.4,-0.185,0.023,0.553,94.6,2.39,11.0,58.0,30.5,86.4,41.2,37.1,33.8
2013,Andhra Pradesh,-0.3,-0.001,-0.001,0.522,96.0,2.4,10.1,54.0,30.1,88.3,41.1,35.1,29.4
2014,Andhra Pradesh,0.2,-0.359,-0.012,0.591,99.6,2.38,12.8,58.3,29.4,85.6,41.0,37.4,32.5
2015,Andhra Pradesh,1.8,-0.659,0.277,0.853,89.4,2.35,17.9,60.2,32.3,81.7,42.5,36.9,54.2
2016,Andhra Pradesh,-0.4,0.031,0.002,0.47,96.3,2.42,10.9,57.3,30.6,87.1,42.7,36.7,29.0
2017,Andhra Pradesh,-0.2,-0.111,-0.037,0.492,94.9,2.39,10.4,56.3,29.5,86.6,42.4,35.3,25.2
2018,Andhra Pradesh,0.4,-0.244,0.053,0.531,94.0,2.39,12.4,57.2,29.8,86.4,41.2,35.3,33.0
2019,Andhra Pradesh,0.4,-0.213,0.016,0.551,95.9,2.43,9.9,56.4,30.1,87.9,40.6,35.9,31.5
2020,Andhra Pradesh,-0.6,0.049,-0.007,0.461,97.1,2.41,10.8,58.0,30.4,86.9,42.8,36.6,27.1
2021,Andhra Pradesh,-0.6,0.1,-0.079,0.468,97.2,2.37,10.5,58.6,28.6,88.9,41.3,36.3,28.6
2022,Andhra Pradesh,-0.8,0.019,-0.133,0.425,94.4,2.43,9.1,57.7,31.0,87.8,40.4,35.5,25.2
2023,Andhra Pradesh,1.4,-0.513,0.183,0.724,89.9,2.31,15.3,57.4,31.7,82.7,42.7,37.2,46.0
2024,Andhra Pradesh,0.1,-0.207,0.183,0.724,89.9,2.31,15.3,57.4,31.7,82.7,42.7,37.2,46.0
2025,Andhra Pradesh,-0.1,0.1,0.183,0.724,89.9,2.31,15.3,57.4,31.7,82.7,42.7,37.2,46.0
2026,Andhra Pradesh,1.8,0.1,0.183,0.724,89.9,2.31,15.3,57.4,31.7,82.7,42.7,37.2,46.0
1981,Assam,-0.2,-0.241,0.056,0.385,97.0,2.42,7.3,53.9,31.0,83.9,42.8,37.1,24.5
1982,Assam,1.3,-0.459,0.243,0.639,94.0,2.35,13.8,51.1,32.4,80.2,47.1,40.0,46.7
1983,Assam,-0.2,-0.103,0.09,0.352,96.8,2.38,8.9,54.8,31.0,85.0,42.0,36.9,26.2
1984,Assam,-0.4,0.045,0.009,0.499,98.2,2.4,10.7,54.6,30.6,84.8,42.5,36.7,30.9
1985,Assam,-0.3,0.122,0.083,0.37,97.8,2.41,8.8,56.9,30.7,85.5,42.9,36.4,24.8
1986,Assam,0.6,-0.172,0.129,0.44,95.1,2.38,11.1,53.7,31.9,81.9,42.9,38.1,33.5
1987,Assam,1.4,-0.611,0.17,0.664,91.7,2.32,13.9,54.3,31.6,79.2,44.9,38.2,47.4
1988,Assam,-1.3,0.164,-0.076,0.301,95.4,2.4,5.5,55.9,30.1,85.8,43.8,36.7,23.2
1989,Assam,-0.3,-0.059,0.103,0.326,97.4,2.39,7.8,55.2,29.7,85.3,45.5,36.2,24.2
1990,Assam,0.3,-0.181,0.056,0.413,96.1,2.39,9.2,55.6,29.5,84.7,44.7,36.4,29.7
1991,Assam,0.8,-0.258,0.188,0.57,93.1,2.34,10.4,54.3,32.8,82.2,44.9,37.8,39.2
1992,Assam,0.0,-0.14,0.015,0.386,96.6,2.39,8.6,53.2,31.9,83.6,44.9,36.3,26.9
1993,Assam,0.2,-0.186,0.163,0.43,97.5,2.45,9.9,55.1,30.8,84.7,44.6,37.3,26.7
1994,Assam,0.4,-0.204,0.096,0.498,96.3,2.44,10.0,59.1,30.1,82.1,44.4,37.9,31.6
1995,Assam,-0.6,0.009,-0.06,0.405,99.3,2.39,8.8,55.1,32.7,84.1,42.8,37.1,25.2
1996,Assam,-0.3,-0.229,0.081,0.382,98.3,2.41,6.3,57.7,30.0,85.5,43.3,36.9,24.3
1997,Assam,1.9,-0.535,0.23,0.781,86.9,2.31,17.0,56.9,32.7,79.3,47.7,38.7,52.2
1998,Assam,-0.9,-0.126,-0.003,0.345,96.6,2.41,8.6,56.7,31.4,86.6,44.1,36.7,23.9
1999,Assam,-1.0,0.078,-0.048,0.384,94.3,2.39,9.2,59.7,30.7,84.8,42.3,35.6,25.8
2000,Assam,-0.4,0.0,0.018,0.423,94.6,2.42,6.2,59.4,30.9,84.0,45.0,36.9,26.2
2001,Assam,-0.1,-0.006,0.099,0.344,96.3,2.48,9.5,58.5,29.7,85.0,43.6,37.1,25.4
2002,Assam,0.8,-0.268,0.114,0.577,95.4,2.36,10.7,56.5,32.3,83.1,42.8,37.6,37.0
2003,Assam,0.2,-0.114,0.098,0.508,97.2,2.44,9.1,57.3,30.1,86.9,44.4,37.9,27.6
2004,Assam,0.5,-0.231,0.148,0.478,95.4,2.43,12.0,58.9,31.5,83.3,47.3,36.9,35.8
2005,Assam,-0.1,-0.176,-0.031,0.443,96.6,2.42,8.3,58.2,30.5,84.5,45.1,36.5,24.2
2006,Assam,0.4,-0.219,0.093,0.456,95.2,2.43,9.6,60.7,31.9,82.9,43.1,36.2,29.8
2007,Assam,-0.9,0.091,0.028,0.387,94.9,2.37,6.7,60.7,31.4,85.9,45.8,36.6,23.0
2008,Assam,-0.3,-0.045,0.091,0.425,97.0,2.41,6.4,59.6,30.9,84.8,44.0,36.6,24.0
2009,Assam,0.7,-0.262,0.207,0.466,94.7,2.34,11.7,61.6,32.0,83.4,45.8,37.5,35.0
2010,Assam,-1.3,0.163,-0.136,0.392,96.0,2.43,8.2,63.1,30.4,86.0,43.3,36.3,25.9
2011,Assam,-0.6,0.031,0.037,0.411,92.9,2.4,8.8,63.0,30.5,85.9,42.4,37.1,26.4
2012,Assam,0.4,-0.15,0.107,0.392,95.8,2.42,8.2,61.0,30.8,83.4,43.5,36.7,30.9
2013,Assam,-0.3,-0.115,-0.021,0.28,98.0,2.43,6.5,61.2,30.3,84.8,43.9,37.5,25.9
2014,Assam,0.2,-0.282,0.199,0.505,97.6,2.37,8.6,61.3,32.2,85.2,43.6,36.4,28.6
2015,Assam,1.8,-0.546,0.293,0.78,90.2,2.35,15.2,62.1,33.2,80.9,47.7,39.0,51.6
2016,Assam,-0.4,0.084,0.072,0.41,96.8,2.41,7.5,64.2,31.4,85.6,44.6,37.0,23.7
2017,Assam,-0.2,-0.12,0.026,0.405,99.0,2.39,6.0,60.6,30.9,85.3,43.3,37.5,23.6
2018,Assam,0.4,-0.085,0.243,0.413,95.5,2.37,10.8,61.1,32.0,83.6,45.7,37.5,30.5
2019,Assam,0.4,-0.337,0.115,0.477,95.0,2.36,8.1,60.0,30.1,84.0,45.5,35.9,31.0
2020,Assam,-0.6,0.062,0.023,0.367,98.3,2.39,9.1,61.3,30.6,84.9,43.8,36.4,23.1
2021,Assam,-0.6,-0.034,-0.036,0.419,97.9,2.4,8.2,64.6,31.0,86.5,43.4,36.9,23.8
2022,Assam,-0.8,0.061,0.1,0.411,97.2,2.42,9.2,65.0,30.2,85.1,45.2,37.1,23.6
2023,Assam,1.4,-0.504,0.252,0.681,89.7,2.34,13.9,61.9,31.0,81.3,46.7,37.6,46.0
2024,Assam,0.1,-0.352,0.252,0.681,89.7,2.34,13.9,61.9,31.0,81.3,46.7,37.6,46.0
2025,Assam,-0.1,-0.2,0.252,0.681,89.7,2.34,13.9,61.9,31.0,81.3,46.7,37.6,46.0
2026,Assam,1.8,-0.2,0.252,0.681,89.7,2.34,13.9,61.9,31.0,81.3,46.7,37.6,46.0
1981,Bihar,-0.2,0.033,-0.125,0.475,96.5,2.41,10.5,50.4,34.0,81.9,44.1,39.8,29.6
1982,Bihar,1.3,-0.439,0.154,0.75,91.4,2.36,13.5,50.2,36.9,77.6,48.1,42.3,47.3
1983,Bihar,-0.2,-0.149,-0.124,0.404,99.5,2.4,9.4,48.7,34.0,81.8,47.6,38.3,25.7
1984,Bihar,-0.4,-0.034,-0.107,0.45,96.8,2.41,9.5,51.5,33.9,82.9,43.7,40.2,24.4
1985,Bihar,-0.3,0.075,-0.095,0.403,94.8,2.42,9.5,51.8,34.0,83.1,47.0,40.3,28.4
1986,Bihar,0.6,-0.021,0.015,0.571,96.2,2.42,12.3,51.8,35.0,80.2,45.8,40.1,35.6
1987,Bihar,1.4,-0.487,0.227,0.772,90.8,2.34,16.5,53.3,36.1,77.3,49.6,41.6,48.5
1988,Bihar,-1.3,0.201,-0.079,0.442,96.6,2.41,9.7,52.8,33.4,81.4,45.3,40.3,27.1
1989,Bihar,-0.3,0.04,0.008,0.475,94.4,2.42,8.9,51.5,35.7,82.1,46.1,40.6,28.7
1990,Bihar,0.3,-0.16,0.0,0.483,96.1,2.38,11.5,54.0,34.7,79.8,47.9,40.8,35.1
1991,Bihar,0.8,-0.331,0.003,0.65,94.6,2.34,12.8,51.4,35.0,80.4,47.4,41.5,42.2
1992,Bihar,0.0,0.041,-0.089,0.464,93.3,2.41,9.5,53.9,33.4,81.5,45.8,39.2,28.5
1993,Bihar,0.2,-0.226,0.081,0.548,94.6,2.41,11.1,53.3,35.1,81.8,45.8,38.8,30.5
1994,Bihar,0.4,-0.07,0.01,0.628,95.3,2.36,12.1,52.4,35.8,80.4,46.1,39.5,37.1
1995,Bihar,-0.6,0.009,-0.13,0.517,98.0,2.36,9.4,54.6,34.3,84.6,48.0,39.8,30.8
1996,Bihar,-0.3,0.031,-0.046,0.397,98.4,2.41,11.5,53.6,33.7,83.5,45.2,39.5,25.7
1997,Bihar,1.9,-0.566,0.179,0.853,86.8,2.29,17.2,53.7,36.1,77.7,49.2,42.8,57.1
1998,Bihar,-0.9,0.089,-0.094,0.434,97.9,2.38,9.4,53.3,34.7,81.9,46.2,40.9,28.9
1999,Bihar,-1.0,0.139,-0.118,0.46,94.1,2.37,10.1,57.0,33.8,81.8,45.5,39.7,26.5
2000,Bihar,-0.4,0.146,-0.123,0.405,95.6,2.37,9.3,55.0,33.9,82.7,46.1,39.8,25.0
2001,Bihar,-0.1,0.043,-0.095,0.36,95.4,2.39,8.7,52.8,33.2,83.1,45.2,38.2,26.7
2002,Bihar,0.8,-0.17,0.013,0.57,92.5,2.34,13.3,55.3,35.3,78.4,47.8,41.0,39.8
2003,Bihar,0.2,-0.117,0.049,0.503,97.3,2.37,10.5,55.1,34.3,82.3,45.7,40.8,30.4
2004,Bihar,0.5,-0.224,-0.093,0.62,93.1,2.39,11.5,57.1,35.4,80.2,45.8,40.4,37.8
2005,Bihar,-0.1,-0.1,0.068,0.505,95.0,2.42,10.7,54.9,34.1,82.4,45.5,38.5,27.3
2006,Bihar,0.4,-0.152,0.096,0.532,94.3,2.38,10.2,54.7,33.1,81.8,46.5,40.3,32.6
2007,Bihar,-0.9,0.103,-0.148,0.471,94.9,2.34,11.5,56.1,34.0,84.0,46.0,39.7,27.8
2008,Bihar,-0.3,-0.007,-0.094,0.433,95.8,2.42,9.6,56.4,34.2,82.3,46.5,39.9,26.2
2009,Bihar,0.7,-0.257,0.04,0.588,95.1,2.36,12.3,55.2,34.9,79.0,47.7,40.8,37.7
2010,Bihar,-1.3,0.192,-0.055,0.507,95.8,2.39,10.2,57.9,33.9,82.7,45.9,40.4,31.8
2011,Bihar,-0.6,-0.069,-0.05,0.468,98.4,2.38,10.4,57.5,33.9,82.1,47.0,41.1,29.8
2012,Bihar,0.4,-0.177,-0.018,0.518,96.2,2.35,10.9,59.2,35.2,80.9,46.7,40.5,33.7
2013,Bihar,-0.3,-0.032,-0.07,0.464,95.2,2.36,10.2,58.1,33.5,83.5,45.0,39.7,26.3
2014,Bihar,0.2,0.055,0.046,0.455,99.1,2.4,10.2,57.6,34.3,83.5,48.4,40.0,30.8
2015,Bihar,1.8,-0.484,0.098,0.821,88.9,2.29,17.3,57.9,35.5,77.4,48.0,42.1,52.2
2016,Bihar,-0.4,0.053,0.036,0.434,99.6,2.4,8.8,57.6,33.4,83.7,45.7,40.9,25.3
2017,Bihar,-0.2,0.009,-0.013,0.492,98.3,2.39,9.1,60.9,34.2,83.1,46.2,40.4,29.2
2018,Bihar,0.4,-0.021,-0.049,0.589,94.4,2.38,11.6,59.3,34.7,82.0,49.1,39.7,35.8
2019,Bihar,0.4,-0.142,-0.008,0.475,97.4,2.4,12.6,61.1,35.8,81.1,46.5,39.9,33.5
2020,Bihar,-0.6,-0.066,-0.046,0.495,97.6,2.38,9.0,60.0,35.0,83.2,45.3,40.0,26.5
2021,Bihar,-0.6,0.147,-0.102,0.511,94.7,2.38,9.1,61.5,34.5,82.8,47.4,40.2,29.1
2022,Bihar,-0.8,-0.023,-0.118,0.456,95.4,2.41,9.5,59.3,34.3,82.8,44.8,40.7,23.1
2023,Bihar,1.4,-0.491,0.064,0.728,91.8,2.31,16.8,62.3,36.0,78.1,48.5,39.5,47.2
2024,Bihar,0.1,-0.346,0.064,0.728,91.8,2.31,16.8,62.3,36.0,78.1,48.5,39.5,47.2
2025,Bihar,-0.1,-0.2,0.064,0.728,91.8,2.31,16.8,62.3,36.0,78.1,48.5,39.5,47.2
2026,Bihar,1.8,-0.2,0.064,0.728,91.8,2.31,16.8,62.3,36.0,78.1,48.5,39.5,47.2
1981,Chhattisgarh,-0.2,-0.163,-0.001,0.5,97.9,2.4,7.6,51.0,31.0,83.7,46.6,38.1,25.7
1982,Chhattisgarh,1.3,-0.563,0.187,0.689,91.9,2.36,15.1,50.0,32.5,79.5,46.1,39.3,45.0
1983,Chhattisgarh,-0.2,-0.076,0.016,0.509,95.3,2.39,8.6,48.8,32.4,83.5,45.5,36.1,29.2
1984,Chhattisgarh,-0.4,0.031,-0.021,0.522,95.0,2.44,7.0,51.9,32.8,84.2,44.8,37.6,27.9
1985,Chhattisgarh,-0.3,-0.164,0.035,0.577,95.5,2.46,8.5,51.7,31.6,83.8,45.2,36.8,28.4
1986,Chhattisgarh,0.6,-0.248,0.126,0.589,94.8,2.41,11.8,51.7,33.8,82.0,45.8,38.5,36.3
1987,Chhattisgarh,1.4,-0.373,0.134,0.709,90.9,2.37,16.7,53.0,33.5,78.4,45.1,40.1,48.0
1988,Chhattisgarh,-1.3,0.069,-0.044,0.427,94.7,2.44,9.9,51.7,31.7,84.8,44.2,37.5,28.5
1989,Chhattisgarh,-0.3,-0.145,0.049,0.507,97.7,2.42,9.3,51.7,31.1,83.8,46.5,36.9,28.1
1990,Chhattisgarh,0.3,-0.267,0.033,0.57,96.5,2.43,12.2,54.6,31.9,85.5,42.9,37.0,31.7
1991,Chhattisgarh,0.8,-0.431,0.127,0.602,95.4,2.38,14.3,54.5,33.0,81.9,44.1,37.1,39.1
1992,Chhattisgarh,0.0,-0.174,-0.032,0.502,94.5,2.46,9.5,55.0,31.6,84.0,46.2,37.7,28.9
1993,Chhattisgarh,0.2,-0.217,-0.018,0.531,99.0,2.45,9.8,52.4,30.6,81.9,44.7,37.1,31.3
1994,Chhattisgarh,0.4,-0.214,0.116,0.601,97.4,2.4,13.0,53.2,31.3,82.0,43.6,39.3,36.1
1995,Chhattisgarh,-0.6,-0.056,-0.025,0.514,95.6,2.42,9.2,55.9,31.9,84.0,46.8,37.5,30.0
1996,Chhattisgarh,-0.3,0.087,0.046,0.469,94.7,2.39,9.6,53.7,31.6,84.1,44.5,37.5,26.3
1997,Chhattisgarh,1.9,-0.562,0.251,0.802,87.4,2.3,17.0,54.1,34.2,75.7,48.0,39.2,56.5
1998,Chhattisgarh,-0.9,-0.083,-0.084,0.519,96.4,2.41,8.5,56.0,30.6,85.9,44.1,36.1,27.9
1999,Chhattisgarh,-1.0,0.128,0.043,0.499,93.0,2.43,9.6,54.4,31.7,83.6,45.1,37.0,28.2
2000,Chhattisgarh,-0.4,-0.146,0.06,0.461,96.3,2.43,10.7,56.0,31.2,84.3,44.9,36.5,25.0
2001,Chhattisgarh,-0.1,-0.126,0.064,0.526,99.8,2.39,9.7,53.8,31.2,84.2,46.5,36.6,27.4
2002,Chhattisgarh,0.8,-0.295,0.079,0.592,96.5,2.36,10.8,55.5,32.2,82.1,47.0,37.2,37.6
2003,Chhattisgarh,0.2,-0.138,-0.002,0.442,98.5,2.41,9.5,55.6,31.9,83.1,44.4,37.7,31.5
2004,Chhattisgarh,0.5,-0.358,0.226,0.646,95.9,2.45,10.7,56.3,31.7,84.1,45.2,37.6,35.6
2005,Chhattisgarh,-0.1,-0.017,0.125,0.53,97.4,2.41,8.2,57.4,31.1,84.3,45.6,37.3,27.9
2006,Chhattisgarh,0.4,-0.394,-0.011,0.648,94.6,2.44,10.0,57.0,31.8,82.0,45.5,38.5,34.1
2007,Chhattisgarh,-0.9,0.046,-0.005,0.509,94.6,2.46,9.7,57.0,32.0,84.0,44.3,37.3,27.5
2008,Chhattisgarh,-0.3,-0.092,0.058,0.513,93.9,2.43,10.1,56.5,31.1,83.3,46.0,36.3,27.0
2009,Chhattisgarh,0.7,-0.369,0.043,0.661,92.2,2.35,13.4,57.1,33.1,82.7,47.4,38.6,41.6
2010,Chhattisgarh,-1.3,0.123,-0.053,0.438,94.6,2.4,9.8,57.6,31.1,85.8,44.7,38.5,27.5
2011,Chhattisgarh,-0.6,0.045,0.013,0.415,97.9,2.39,11.6,58.5,31.2,85.1,44.1,36.8,27.6
2012,Chhattisgarh,0.4,-0.301,0.085,0.521,94.7,2.41,9.9,57.6,31.8,84.4,43.6,38.7,31.1
2013,Chhattisgarh,-0.3,-0.113,0.018,0.448,99.4,2.44,10.5,58.7,32.2,83.1,44.9,38.0,27.0
2014,Chhattisgarh,0.2,-0.184,0.043,0.615,96.8,2.42,10.7,55.6,31.9,83.7,44.5,38.5,33.7
2015,Chhattisgarh,1.8,-0.506,0.232,0.917,87.0,2.32,17.1,59.6,34.0,78.8,46.6,39.3,52.3
2016,Chhattisgarh,-0.4,-0.133,-0.022,0.445,95.2,2.4,8.6,59.2,31.8,82.6,44.4,38.0,28.4
2017,Chhattisgarh,-0.2,-0.066,0.04,0.467,99.4,2.44,10.6,57.8,31.0,85.8,45.1,37.8,27.7
2018,Chhattisgarh,0.4,-0.234,0.128,0.552,94.7,2.38,13.2,57.4,31.9,82.5,47.0,37.9,34.2
2019,Chhattisgarh,0.4,-0.168,0.097,0.574,97.1,2.4,10.7,57.6,31.8,82.5,45.4,37.9,31.9
2020,Chhattisgarh,-0.6,0.034,0.051,0.482,95.1,2.46,7.5,61.2,30.9,84.6,43.6,37.4,27.8
2021,Chhattisgarh,-0.6,-0.034,0.014,0.476,93.5,2.38,10.0,59.4,31.8,85.4,43.5,36.7,27.7
2022,Chhattisgarh,-0.8,0.095,-0.048,0.548,96.1,2.45,9.7,57.8,30.7,85.9,43.8,38.5,28.0
2023,Chhattisgarh,1.4,-0.398,0.157,0.691,92.8,2.35,14.1,61.3,33.4,80.1,45.6,38.9,48.3
2024,Chhattisgarh,0.1,-0.124,0.157,0.691,92.8,2.35,14.1,61.3,33.4,80.1,45.6,38.9,48.3
2025,Chhattisgarh,-0.1,0.15,0.157,0.691,92.8,2.35,14.1,61.3,33.4,80.1,45.6,38.9,48.3
2026,Chhattisgarh,1.8,0.15,0.157,0.691,92.8,2.35,14.1,61.3,33.4,80.1,45.6,38.9,48.3
1981,Goa,-0.2,-0.3,0.031,0.531,96.1,2.35,9.9,45.6,26.4,85.4,37.3,31.2,28.7
1982,Goa,1.3,-0.473,0.153,0.837,92.1,2.34,14.9,45.1,26.8,81.4,35.8,33.0,46.8
1983,Goa,-0.2,-0.106,0.01,0.539,95.7,2.43,9.7,41.5,25.7,84.5,33.9,32.4,27.4
1984,Goa,-0.4,-0.16,0.014,0.478,96.2,2.37,8.7,47.8,25.9,86.4,35.0,32.0,28.5
1985,Goa,-0.3,-0.258,-0.03,0.434,95.7,2.4,10.6,47.6,25.9,85.6,35.5,31.4,28.8
1986,Goa,0.6,-0.292,0.082,0.663,94.8,2.32,12.6,45.6,26.9,83.5,34.8,31.0,41.4
1987,Goa,1.4,-0.394,0.152,0.73,90.6,2.31,16.4,49.4,27.2,81.5,37.0,33.4,48.5
1988,Goa,-1.3,0.048,-0.027,0.516,93.9,2.39,10.8,48.2,26.4,85.9,34.8,31.6,27.2
1989,Goa,-0.3,-0.022,-0.004,0.566,97.9,2.39,9.7,48.8,26.4,86.3,35.4,32.1,28.1
1990,Goa,0.3,-0.281,-0.002,0.557,94.2,2.35,12.2,49.3,26.4,83.7,37.0,32.9,32.7
1991,Goa,0.8,-0.368,0.14,0.72,93.2,2.35,13.5,49.7,28.0,83.4,34.0,32.4,42.7
1992,Goa,0.0,-0.182,0.138,0.501,98.1,2.41,12.7,47.6,26.0,86.1,36.5,32.8,28.6
1993,Goa,0.2,-0.405,0.066,0.646,97.2,2.38,11.6,49.4,26.5,85.9,36.7,32.5,29.0
1994,Goa,0.4,-0.44,0.049,0.654,95.5,2.4,10.9,48.8,27.1,84.1,35.5,33.8,34.6
1995,Goa,-0.6,-0.164,-0.002,0.537,98.0,2.4,10.0,51.0,26.3,85.3,34.2,31.6,28.4
1996,Goa,-0.3,-0.036,0.048,0.515,96.7,2.38,11.2,46.8,25.1,87.2,35.7,32.2,27.0
1997,Goa,1.9,-0.706,0.303,0.89,88.7,2.33,18.5,49.1,27.9,80.8,34.4,34.0,55.2
1998,Goa,-0.9,-0.001,-0.044,0.472,96.6,2.42,10.9,50.3,26.9,85.4,35.3,32.1,28.7
1999,Goa,-1.0,-0.032,-0.01,0.504,94.6,2.37,9.0,48.8,26.7,84.6,36.2,32.3,28.9
2000,Goa,-0.4,-0.185,-0.005,0.512,92.6,2.36,9.4,52.2,26.0,85.5,34.7,31.4,24.1
2001,Goa,-0.1,-0.184,0.041,0.617,97.1,2.4,10.3,50.6,26.3,86.3,34.8,32.0,30.3
2002,Goa,0.8,-0.348,0.033,0.671,94.5,2.36,11.5,48.5,26.6,83.7,37.6,31.6,38.9
2003,Goa,0.2,-0.262,0.087,0.592,94.1,2.37,10.7,53.9,25.8,86.4,35.9,32.0,27.0
2004,Goa,0.5,-0.465,0.179,0.607,92.5,2.34,12.8,52.0,27.1,86.3,36.7,32.9,34.7
2005,Goa,-0.1,-0.219,0.103,0.578,94.4,2.39,9.8,52.6,26.0,86.4,33.8,32.1,29.3
2006,Goa,0.4,-0.345,0.124,0.628,91.9,2.39,12.9,52.6,26.6,84.3,36.1,32.0,34.4
2007,Goa,-0.9,-0.039,-0.069,0.572,93.9,2.33,10.6,51.9,26.4,85.2,36.2,32.0,30.4
2008,Goa,-0.3,-0.304,-0.058,0.577,95.2,2.35,9.1,51.8,26.0,86.2,36.4,32.1,27.9
2009,Goa,0.7,-0.391,0.124,0.703,92.4,2.38,12.5,52.6,26.8,85.3,35.8,33.2,37.1
2010,Goa,-1.3,0.066,-0.126,0.469,94.8,2.37,10.0,53.9,25.2,86.7,33.9,32.1,26.7
2011,Goa,-0.6,-0.153,0.017,0.576,93.9,2.4,9.2,52.7,25.3,86.7,33.8,31.4,27.9
2012,Goa,0.4,-0.289,0.116,0.61,92.3,2.4,11.2,54.1,25.2,84.4,33.7,33.1,33.3
2013,Goa,-0.3,0.044,0.104,0.532,95.0,2.39,9.8,55.5,25.7,88.1,35.1,31.6,26.7
2014,Goa,0.2,-0.225,0.0,0.549,93.8,2.4,10.9,52.8,26.8,85.2,34.6,32.6,30.5
2015,Goa,1.8,-0.652,0.217,0.845,86.7,2.27,16.8,52.9,27.8,80.2,35.9,33.6,53.9
2016,Goa,-0.4,-0.134,0.047,0.511,96.4,2.39,11.7,55.1,26.2,85.6,38.7,31.7,27.2
2017,Goa,-0.2,-0.273,-0.005,0.613,94.2,2.4,10.6,56.0,25.8,85.4,33.9,31.8,27.9
2018,Goa,0.4,-0.42,0.024,0.597,92.9,2.35,12.0,53.8,26.5,84.5,32.2,32.5,33.1
2019,Goa,0.4,-0.232,0.092,0.602,93.6,2.4,11.2,54.0,25.8,84.5,34.9,32.6,33.8
2020,Goa,-0.6,-0.186,-0.056,0.504,93.8,2.32,9.5,56.3,25.3,86.9,34.9,32.0,26.6
2021,Goa,-0.6,-0.005,-0.004,0.51,91.6,2.4,9.3,55.5,25.5,87.3,36.5,31.8,28.0
2022,Goa,-0.8,-0.1,-0.123,0.551,94.5,2.35,11.4,59.1,26.2,85.6,33.7,31.8,26.1
2023,Goa,1.4,-0.415,0.136,0.766,89.2,2.34,14.4,58.5,27.4,82.1,36.5,33.0,47.3
2024,Goa,0.1,-0.132,0.136,0.766,89.2,2.34,14.4,58.5,27.4,82.1,36.5,33.0,47.3
2025,Goa,-0.1,0.15,0.136,0.766,89.2,2.34,14.4,58.5,27.4,82.1,36.5,33.0,47.3
2026,Goa,1.8,0.15,0.136,0.766,89.2,2.34,14.4,58.5,27.4,82.1,36.5,33.0,47.3
1981,Gujarat,-0.2,-0.146,-0.06,0.508,97.3,2.44,11.3,50.8,29.4,84.0,39.7,36.8,27.6
1982,Gujarat,1.3,-0.602,0.164,0.719,88.7,2.36,15.8,51.5,32.2,79.3,42.0,38.4,46.2
1983,Gujarat,-0.2,-0.109,0.031,0.47,95.8,2.4,8.8,47.4,29.0,81.8,39.7,35.0,27.1
1984,Gujarat,-0.4,0.093,-0.116,0.44,96.8,2.47,8.7,49.9,28.5,82.7,39.6,35.9,25.8
1985,Gujarat,-0.3,-0.066,-0.047,0.521,96.5,2.38,10.0,48.7,30.0,82.7,40.1,35.4,30.9
1986,Gujarat,0.6,-0.336,0.042,0.55,91.3,2.44,12.0,51.2,29.1,81.0,39.0,37.1,34.0
1987,Gujarat,1.4,-0.559,0.155,0.788,90.5,2.34,16.8,52.8,30.1,77.4,42.9,37.1,50.4
1988,Gujarat,-1.3,0.027,-0.115,0.434,93.6,2.43,8.8,50.0,30.2,83.2,39.9,36.1,29.2
1989,Gujarat,-0.3,-0.113,-0.05,0.476,97.0,2.47,10.2,52.7,28.7,83.8,40.3,36.3,25.9
1990,Gujarat,0.3,-0.365,0.004,0.524,95.0,2.4,11.9,51.7,28.9,81.6,40.0,36.7,32.8
1991,Gujarat,0.8,-0.369,0.175,0.613,95.5,2.37,12.7,52.4,30.1,79.9,40.8,35.8,36.5
1992,Gujarat,0.0,-0.262,-0.081,0.477,96.6,2.39,10.4,52.4,29.4,80.8,40.8,35.7,29.3
1993,Gujarat,0.2,-0.357,0.087,0.499,96.6,2.45,11.9,53.5,30.9,84.3,41.3,36.2,31.2
1994,Gujarat,0.4,-0.319,0.037,0.576,96.2,2.42,12.2,50.4,31.0,80.0,40.3,35.7,33.3
1995,Gujarat,-0.6,-0.117,-0.06,0.404,97.9,2.37,9.8,53.8,29.3,83.3,39.8,35.2,27.3
1996,Gujarat,-0.3,-0.103,-0.046,0.383,94.7,2.41,10.6,54.1,30.0,83.4,39.7,36.1,23.9
1997,Gujarat,1.9,-0.615,0.207,0.871,89.5,2.37,16.8,53.9,31.2,77.5,41.6,37.9,55.2
1998,Gujarat,-0.9,0.091,-0.084,0.473,96.0,2.37,10.0,55.5,30.8,84.2,41.3,37.2,28.1
1999,Gujarat,-1.0,0.014,-0.081,0.458,95.5,2.4,9.7,55.3,29.1,84.3,40.7,34.6,26.2
2000,Gujarat,-0.4,-0.108,-0.083,0.526,95.8,2.39,11.4,52.0,29.9,83.0,41.3,35.9,31.0
2001,Gujarat,-0.1,-0.128,-0.022,0.444,94.8,2.4,8.7,53.1,29.9,83.2,39.9,35.7,25.2
2002,Gujarat,0.8,-0.251,0.054,0.599,94.3,2.36,12.3,54.1,31.5,79.3,41.7,36.5,39.3
2003,Gujarat,0.2,-0.243,-0.009,0.566,96.1,2.46,9.8,54.4,30.2,82.1,42.0,37.0,28.8
2004,Gujarat,0.5,-0.289,0.018,0.575,93.6,2.41,10.9,55.7,30.7,83.1,40.7,36.0,36.5
2005,Gujarat,-0.1,-0.097,-0.025,0.47,93.6,2.49,9.2,57.4,30.2,84.0,40.6,35.7,25.1
2006,Gujarat,0.4,-0.346,0.066,0.542,96.3,2.37,13.2,58.5,29.3,81.5,41.1,36.9,32.9
2007,Gujarat,-0.9,-0.026,-0.065,0.39,93.0,2.41,8.7,54.8,30.2,82.8,40.2,36.0,26.1
2008,Gujarat,-0.3,-0.109,-0.087,0.475,98.3,2.48,9.1,56.8,29.5,84.4,39.0,36.2,28.1
2009,Gujarat,0.7,-0.388,0.133,0.625,94.6,2.42,11.2,56.3,31.0,80.7,39.9,36.3,38.7
2010,Gujarat,-1.3,0.121,-0.107,0.378,95.4,2.43,8.1,55.3,29.8,82.7,41.3,33.7,26.7
2011,Gujarat,-0.6,0.044,-0.059,0.455,92.1,2.45,9.2,57.1,30.3,85.5,41.5,35.2,26.6
2012,Gujarat,0.4,-0.23,-0.008,0.543,93.6,2.44,11.8,56.3,30.1,82.1,40.7,36.1,32.5
2013,Gujarat,-0.3,-0.238,-0.012,0.506,97.6,2.42,10.0,55.1,28.6,82.1,40.6,36.0,28.2
2014,Gujarat,0.2,-0.304,0.031,0.553,94.3,2.45,10.5,58.4,28.5,84.4,41.6,35.3,33.9
2015,Gujarat,1.8,-0.543,0.268,0.832,89.3,2.39,17.4,58.6,31.6,75.4,43.6,39.1,56.3
2016,Gujarat,-0.4,-0.222,-0.102,0.487,93.6,2.46,9.8,57.0,29.2,84.1,41.7,35.2,28.5
2017,Gujarat,-0.2,-0.122,-0.056,0.464,96.3,2.45,9.2,57.3,29.2,83.3,39.2,35.2,27.4
2018,Gujarat,0.4,-0.33,0.026,0.625,96.5,2.39,11.1,59.8,29.8,82.5,41.3,37.5,34.9
2019,Gujarat,0.4,-0.343,0.055,0.56,95.7,2.37,9.3,59.1,30.9,83.8,41.0,36.9,30.4
2020,Gujarat,-0.6,-0.088,-0.056,0.393,95.2,2.42,9.4,58.4,29.8,85.3,38.5,36.4,24.3
2021,Gujarat,-0.6,-0.12,-0.095,0.512,94.4,2.44,7.7,57.2,29.6,83.1,40.0,36.6,28.1
2022,Gujarat,-0.8,-0.074,-0.102,0.48,95.1,2.43,10.1,61.4,28.8,82.5,38.8,36.5,26.3
2023,Gujarat,1.4,-0.401,0.125,0.745,90.2,2.35,15.9,61.9,31.3,82.7,43.0,38.6,48.8
2024,Gujarat,0.1,-0.126,0.125,0.745,90.2,2.35,15.9,61.9,31.3,82.7,43.0,38.6,48.8
2025,Gujarat,-0.1,0.15,0.125,0.745,90.2,2.35,15.9,61.9,31.3,82.7,43.0,38.6,48.8
2026,Gujarat,1.8,0.15,0.125,0.745,90.2,2.35,15.9,61.9,31.3,82.7,43.0,38.6,48.8
1981,Haryana,-0.2,-0.189,0.014,0.438,97.6,2.46,8.0,51.3,28.7,85.5,39.7,34.2,26.7
1982,Haryana,1.3,-0.426,0.127,0.62,92.3,2.38,14.1,48.7,30.6,80.1,38.7,36.6,46.5
1983,Haryana,-0.2,0.078,0.045,0.439,95.2,2.43,9.6,47.8,29.7,83.7,39.8,35.5,26.4
1984,Haryana,-0.4,0.076,0.068,0.396,97.3,2.41,9.7,53.7,28.6,86.8,39.3,33.8,26.3
1985,Haryana,-0.3,-0.031,-0.014,0.443,96.6,2.47,9.1,50.2,28.9,84.7,39.6,34.0,27.6
1986,Haryana,0.6,-0.163,0.154,0.562,94.2,2.43,12.3,52.0,29.2,85.2,38.2,35.9,34.1
1987,Haryana,1.4,-0.359,0.146,0.661,93.3,2.36,15.2,47.9,30.5,81.1,37.6,36.7,43.9
1988,Haryana,-1.3,0.243,-0.057,0.445,94.4,2.5,8.9,48.9,28.2,84.2,40.0,35.7,27.7
1989,Haryana,-0.3,-0.002,-0.058,0.426,98.6,2.48,9.5,52.5,29.5,86.0,39.2,34.2,25.3
1990,Haryana,0.3,-0.252,0.096,0.513,96.0,2.45,10.6,51.4,29.7,84.3,39.9,34.8,32.8
1991,Haryana,0.8,-0.286,0.17,0.51,98.8,2.45,10.9,53.0,29.9,80.8,41.0,35.9,32.6
1992,Haryana,0.0,-0.077,0.053,0.486,97.7,2.47,6.3,54.6,28.9,85.1,38.7,34.3,26.7
1993,Haryana,0.2,-0.233,0.096,0.475,95.5,2.44,8.7,50.4,28.3,83.7,36.9,35.4,31.3
1994,Haryana,0.4,-0.097,0.117,0.548,95.6,2.44,11.1,53.6,29.9,85.7,39.2,36.2,35.4
1995,Haryana,-0.6,-0.006,0.013,0.404,96.1,2.41,9.9,51.8,29.0,83.6,38.1,35.0,27.7
1996,Haryana,-0.3,-0.045,0.05,0.412,98.1,2.49,8.5,53.7,29.9,87.9,38.3,36.1,24.2
1997,Haryana,1.9,-0.645,0.232,0.767,88.6,2.4,17.2,52.9,30.4,81.0,42.0,38.2,54.5
1998,Haryana,-0.9,0.141,-0.056,0.458,94.6,2.44,9.8,55.7,29.0,84.3,40.5,33.7,27.5
1999,Haryana,-1.0,-0.031,-0.028,0.407,95.0,2.41,9.3,54.9,28.5,84.5,36.9,35.1,24.6
2000,Haryana,-0.4,0.072,0.0,0.377,97.7,2.46,8.1,53.5,28.4,85.3,37.8,34.3,25.1
2001,Haryana,-0.1,-0.228,0.173,0.541,97.4,2.4,10.0,53.4,28.0,85.2,40.8,34.6,27.4
2002,Haryana,0.8,-0.163,0.229,0.556,95.3,2.44,11.0,53.2,28.2,81.6,39.0,36.1,36.8
2003,Haryana,0.2,-0.133,0.159,0.518,99.0,2.46,10.7,56.4,29.6,86.2,39.9,35.1,29.6
2004,Haryana,0.5,-0.138,0.105,0.525,96.1,2.4,13.0,54.3,30.0,82.4,40.8,35.5,34.2
2005,Haryana,-0.1,0.064,0.032,0.472,96.3,2.45,6.5,52.9,28.2,86.8,38.8,34.7,27.0
2006,Haryana,0.4,-0.419,0.121,0.519,96.6,2.42,10.1,55.4,29.8,84.9,40.4,36.4,32.4
2007,Haryana,-0.9,0.114,-0.03,0.423,93.0,2.44,9.2,57.2,29.1,86.2,35.7,35.7,26.2
2008,Haryana,-0.3,0.027,0.047,0.39,97.2,2.44,10.7,58.1,28.6,85.2,39.5,36.2,25.3
2009,Haryana,0.7,-0.155,0.171,0.556,97.7,2.44,13.7,54.8,29.6,83.3,41.0,36.3,35.2
2010,Haryana,-1.3,0.021,-0.106,0.409,93.8,2.44,8.1,54.7,28.1,85.6,35.8,35.6,29.0
2011,Haryana,-0.6,-0.006,-0.018,0.395,97.2,2.41,9.8,56.6,28.7,86.8,37.8,34.1,24.0
2012,Haryana,0.4,-0.107,0.173,0.419,95.5,2.46,11.3,54.9,28.6,84.7,37.6,35.6,32.7
2013,Haryana,-0.3,-0.015,0.059,0.474,98.8,2.49,8.2,58.3,28.9,85.7,36.7,34.8,26.2
2014,Haryana,0.2,-0.229,0.053,0.486,96.0,2.42,9.6,57.9,29.3,84.6,37.3,34.8,30.2
2015,Haryana,1.8,-0.467,0.163,0.758,89.3,2.36,16.2,59.4,29.8,79.4,41.6,37.2,55.0
2016,Haryana,-0.4,0.128,-0.033,0.387,96.0,2.45,10.0,57.7,28.3,85.4,39.1,35.7,24.6
2017,Haryana,-0.2,0.006,0.027,0.463,97.2,2.5,9.7,57.2,29.1,86.6,38.0,34.5,27.2
2018,Haryana,0.4,-0.208,-0.064,0.514,96.2,2.44,9.1,62.3,28.5,84.7,40.5,35.3,31.5
2019,Haryana,0.4,-0.173,0.075,0.516,95.6,2.39,10.3,59.7,29.3,86.2,40.1,36.6,30.5
2020,Haryana,-0.6,0.218,0.008,0.383,93.2,2.47,9.4,58.2,28.8,87.2,35.7,35.8,25.1
2021,Haryana,-0.6,-0.009,-0.02,0.43,97.1,2.49,10.0,62.3,28.1,89.5,38.7,36.2,23.0
2022,Haryana,-0.8,0.015,-0.043,0.394,96.3,2.44,8.4,61.8,29.6,86.4,38.4,35.3,24.1
2023,Haryana,1.4,-0.45,0.313,0.724,88.6,2.34,14.2,60.7,30.4,81.6,39.6,35.4,46.2
2024,Haryana,0.1,-0.09,0.313,0.724,88.6,2.34,14.2,60.7,30.4,81.6,39.6,35.4,46.2
2025,Haryana,-0.1,0.27,0.313,0.724,88.6,2.34,14.2,60.7,30.4,81.6,39.6,35.4,46.2
2026,Haryana,1.8,0.27,0.313,0.724,88.6,2.34,14.2,60.7,30.4,81.6,39.6,35.4,46.2
1981,Jharkhand,-0.2,0.037,0.111,0.396,96.2,2.38,10.6,49.7,32.5,82.8,44.1,38.1,30.0
1982,Jharkhand,1.3,-0.435,0.145,0.692,90.8,2.36,14.4,48.4,34.1,78.9,48.1,39.4,43.7
1983,Jharkhand,-0.2,-0.055,0.04,0.405,95.6,2.35,10.1,51.7,33.4,83.9,43.5,38.8,28.3
1984,Jharkhand,-0.4,-0.107,-0.035,0.408,99.0,2.42,10.1,50.5,31.6,82.1,43.9,38.8,27.1
1985,Jharkhand,-0.3,-0.215,-0.006,0.355,96.4,2.36,9.2,52.4,32.2,83.6,45.2,37.8,24.4
1986,Jharkhand,0.6,-0.299,0.082,0.512,96.6,2.4,12.5,51.6,32.9,81.5,46.2,39.0,37.0
1987,Jharkhand,1.4,-0.361,0.241,0.691,94.4,2.3,15.8,50.1,34.9,77.9,45.6,40.2,46.7
1988,Jharkhand,-1.3,0.133,-0.04,0.32,94.8,2.4,10.5,52.2,30.0,83.2,43.7,37.1,26.4
1989,Jharkhand,-0.3,-0.171,0.003,0.459,96.5,2.45,9.3,48.7,32.7,83.6,45.4,38.1,24.5
1990,Jharkhand,0.3,-0.352,0.088,0.566,96.2,2.37,9.4,53.6,33.4,84.4,43.8,38.0,32.9
1991,Jharkhand,0.8,-0.399,0.125,0.538,93.8,2.34,11.9,52.3,32.7,82.8,43.2,38.7,37.9
1992,Jharkhand,0.0,-0.125,0.11,0.366,98.4,2.39,8.5,50.3,31.5,84.0,42.6,38.5,29.1
1993,Jharkhand,0.2,-0.167,0.139,0.554,98.0,2.4,10.7,53.3,32.0,81.2,45.0,39.2,34.4
1994,Jharkhand,0.4,-0.1,0.136,0.506,96.3,2.38,11.2,50.3,32.9,81.6,46.7,38.1,32.5
1995,Jharkhand,-0.6,-0.038,0.072,0.364,95.9,2.42,9.4,53.0,32.6,83.7,44.0,38.4,24.7
1996,Jharkhand,-0.3,-0.117,0.01,0.386,98.3,2.35,9.0,55.7,32.2,83.3,44.7,38.7,25.4
1997,Jharkhand,1.9,-0.576,0.274,0.781,89.9,2.34,17.4,52.0,34.2,76.9,49.3,39.8,55.8
1998,Jharkhand,-0.9,0.069,-0.044,0.376,95.7,2.37,9.1,54.3,31.0,84.7,44.7,38.0,24.4
1999,Jharkhand,-1.0,0.08,-0.056,0.389,96.6,2.41,11.4,51.4,32.2,84.0,43.9,38.6,25.0
2000,Jharkhand,-0.4,-0.077,-0.074,0.412,95.1,2.38,10.0,56.1,31.6,83.4,44.4,38.5,24.6
2001,Jharkhand,-0.1,-0.14,0.057,0.404,96.9,2.38,9.7,52.8,31.8,83.4,43.5,38.1,27.4
2002,Jharkhand,0.8,-0.227,0.203,0.496,95.6,2.35,11.6,55.9,32.0,82.9,43.3,39.8,36.1
2003,Jharkhand,0.2,-0.172,0.013,0.487,95.7,2.38,9.3,55.3,30.7,82.9,44.3,39.1,28.7
2004,Jharkhand,0.5,-0.31,0.117,0.568,97.5,2.39,11.9,54.7,32.2,82.8,44.9,39.4,35.8
2005,Jharkhand,-0.1,-0.076,0.007,0.476,100.2,2.42,8.5,54.5,31.4,83.5,44.0,38.0,27.7
2006,Jharkhand,0.4,-0.24,0.16,0.423,97.9,2.37,13.5,54.9,31.9,83.9,45.1,38.6,33.7
2007,Jharkhand,-0.9,0.061,-0.019,0.421,94.2,2.41,8.6,56.9,32.5,83.3,42.7,37.7,27.0
2008,Jharkhand,-0.3,-0.069,-0.017,0.495,98.9,2.41,7.9,58.0,33.1,86.1,44.1,38.1,29.3
2009,Jharkhand,0.7,-0.253,0.106,0.556,95.0,2.37,12.3,55.2,31.9,80.5,46.4,39.8,35.9
2010,Jharkhand,-1.3,0.103,-0.001,0.47,97.8,2.31,10.0,58.5,31.7,86.9,45.1,38.3,27.4
2011,Jharkhand,-0.6,-0.116,-0.019,0.399,97.1,2.4,10.9,55.7,31.7,85.4,45.6,38.6,26.6
2012,Jharkhand,0.4,-0.18,0.098,0.479,98.0,2.4,11.3,56.4,32.3,81.4,44.0,37.6,31.7
2013,Jharkhand,-0.3,0.029,0.121,0.444,97.7,2.42,10.1,55.5,31.4,84.4,44.5,39.2,26.6
2014,Jharkhand,0.2,-0.182,0.054,0.447,96.1,2.39,12.3,57.7,32.1,82.3,44.7,38.2,28.1
2015,Jharkhand,1.8,-0.554,0.216,0.774,92.7,2.29,17.2,55.1,34.3,77.0,47.3,41.3,53.8
2016,Jharkhand,-0.4,-0.018,-0.074,0.391,96.8,2.39,8.4,55.4,32.1,86.1,44.2,38.6,27.0
2017,Jharkhand,-0.2,-0.227,0.026,0.401,100.8,2.44,8.6,59.2,31.4,83.4,44.4,36.3,26.1
2018,Jharkhand,0.4,-0.284,0.061,0.576,98.1,2.37,10.8,56.7,32.4,80.9,44.2,40.2,34.3
2019,Jharkhand,0.4,-0.278,0.093,0.5,96.7,2.43,11.9,58.6,33.1,82.3,46.8,39.7,31.8
2020,Jharkhand,-0.6,0.012,-0.007,0.453,96.8,2.4,8.2,57.8,31.4,82.2,43.2,39.3,29.1
2021,Jharkhand,-0.6,0.069,0.067,0.369,97.0,2.35,9.1,59.3,32.5,83.0,44.0,38.9,27.8
2022,Jharkhand,-0.8,0.117,-0.095,0.383,93.5,2.43,9.7,57.5,32.3,84.2,44.4,38.2,26.6
2023,Jharkhand,1.4,-0.582,0.163,0.72,88.7,2.29,15.9,62.2,33.5,80.2,44.1,39.7,47.2
2024,Jharkhand,0.1,-0.391,0.163,0.72,88.7,2.29,15.9,62.2,33.5,80.2,44.1,39.7,47.2
2025,Jharkhand,-0.1,-0.2,0.163,0.72,88.7,2.29,15.9,62.2,33.5,80.2,44.1,39.7,47.2
2026,Jharkhand,1.8,-0.2,0.163,0.72,88.7,2.29,15.9,62.2,33.5,80.2,44.1,39.7,47.2
1981,Karnataka,-0.2,-0.109,0.007,0.514,94.9,2.43,7.7,49.7,30.7,86.3,40.7,34.4,26.0
1982,Karnataka,1.3,-0.553,0.222,0.75,90.4,2.35,13.6,50.3,31.6,83.7,44.6,36.0,45.4
1983,Karnataka,-0.2,-0.144,0.094,0.529,97.5,2.38,10.1,51.1,30.8,86.5,43.0,33.6,30.0
1984,Karnataka,-0.4,-0.241,0.082,0.535,95.4,2.39,9.1,49.5,30.8,86.5,40.1,33.2,27.4
1985,Karnataka,-0.3,-0.158,0.023,0.537,92.2,2.44,7.5,51.3,30.0,87.4,42.3,35.0,31.0
1986,Karnataka,0.6,-0.274,0.196,0.564,93.7,2.34,11.6,47.4,30.7,81.9,42.6,34.2,35.7
1987,Karnataka,1.4,-0.552,0.238,0.75,93.3,2.37,15.8,50.9,31.9,81.3,44.2,35.5,49.4
1988,Karnataka,-1.3,0.084,-0.083,0.508,94.9,2.38,10.1,53.3,30.7,88.1,40.8,34.3,28.7
1989,Karnataka,-0.3,-0.233,0.035,0.604,94.5,2.39,7.4,54.6,30.1,85.3,42.1,33.8,27.2
1990,Karnataka,0.3,-0.288,0.118,0.564,94.4,2.38,8.4,51.4,31.3,84.0,40.3,34.3,33.3
1991,Karnataka,0.8,-0.178,0.098,0.596,95.8,2.32,13.0,53.7,30.3,83.3,42.7,34.4,35.1
1992,Karnataka,0.0,-0.106,-0.009,0.481,97.3,2.38,10.0,54.3,30.0,86.0,40.5,34.5,27.6
1993,Karnataka,0.2,-0.377,0.094,0.598,94.4,2.4,9.1,53.0,31.2,84.4,42.3,35.1,33.6
1994,Karnataka,0.4,-0.129,0.172,0.573,98.0,2.43,10.0,51.4,31.3,83.3,41.4,35.8,35.0
1995,Karnataka,-0.6,-0.074,0.086,0.484,93.7,2.4,8.4,53.4,31.5,87.7,41.1,34.6,27.2
1996,Karnataka,-0.3,-0.155,0.088,0.481,97.7,2.41,6.0,54.0,29.9,87.1,41.8,33.9,27.4
1997,Karnataka,1.9,-0.497,0.217,0.823,86.2,2.3,15.9,54.1,32.8,79.4,44.0,36.8,54.5
1998,Karnataka,-0.9,-0.106,-0.01,0.433,93.1,2.39,9.4,55.4,30.2,86.2,44.6,32.5,26.6
1999,Karnataka,-1.0,-0.087,-0.017,0.459,94.4,2.41,8.2,57.1,31.6,86.9,40.8,34.0,28.9
2000,Karnataka,-0.4,-0.003,0.118,0.453,93.0,2.37,8.4,55.7,30.9,87.5,41.7,34.0,25.5
2001,Karnataka,-0.1,-0.172,0.032,0.41,97.3,2.37,8.1,53.1,30.8,87.0,41.8,34.8,25.9
2002,Karnataka,0.8,-0.503,0.254,0.585,93.2,2.32,10.6,52.7,30.4,84.1,42.5,35.7,37.1
2003,Karnataka,0.2,-0.171,0.105,0.508,94.5,2.34,8.9,57.0,31.3,87.3,43.0,34.1,30.3
2004,Karnataka,0.5,-0.269,0.192,0.62,93.5,2.37,12.1,54.4,31.7,84.8,42.6,34.3,36.7
2005,Karnataka,-0.1,-0.176,0.067,0.497,94.2,2.39,7.9,54.1,30.6,85.3,43.0,35.0,27.8
2006,Karnataka,0.4,-0.216,0.185,0.583,95.8,2.35,8.9,57.0,30.7,85.4,42.2,35.6,28.8
2007,Karnataka,-0.9,0.027,-0.016,0.491,91.6,2.38,7.8,57.7,31.3,85.5,42.5,33.5,27.3
2008,Karnataka,-0.3,-0.17,0.06,0.522,93.2,2.39,7.1,57.2,30.6,87.3,42.4,33.5,29.7
2009,Karnataka,0.7,-0.494,0.1,0.671,92.3,2.37,11.5,57.7,31.4,84.5,40.8,34.6,34.6
2010,Karnataka,-1.3,0.09,-0.081,0.468,93.5,2.37,7.5,61.1,30.9,85.9,40.7,34.2,25.9
2011,Karnataka,-0.6,-0.106,0.069,0.543,92.8,2.38,9.3,58.8,30.8,87.0,42.3,33.6,26.4
2012,Karnataka,0.4,-0.156,0.128,0.556,93.3,2.37,10.0,55.4,31.2,85.0,41.1,35.2,34.3
2013,Karnataka,-0.3,-0.299,-0.034,0.555,93.1,2.4,7.5,58.0,30.5,86.8,43.3,33.1,26.2
2014,Karnataka,0.2,-0.246,0.086,0.555,96.3,2.36,7.7,59.8,31.1,86.2,41.7,34.7,32.1
2015,Karnataka,1.8,-0.587,0.233,0.811,88.7,2.29,17.9,55.1,33.2,79.1,44.1,36.2,56.4
2016,Karnataka,-0.4,0.008,-0.019,0.453,97.6,2.38,8.5,59.2,30.5,87.4,41.2,33.5,24.4
2017,Karnataka,-0.2,-0.103,0.102,0.459,94.4,2.41,8.5,60.7,30.9,86.8,41.5,34.0,24.1
2018,Karnataka,0.4,-0.186,0.137,0.584,94.3,2.38,9.3,56.8,30.3,85.5,42.2,34.9,36.0
2019,Karnataka,0.4,-0.246,0.038,0.611,95.0,2.4,7.8,61.6,29.7,85.3,43.2,36.1,33.6
2020,Karnataka,-0.6,0.073,0.031,0.475,94.0,2.38,8.9,62.6,30.7,87.3,44.6,35.7,26.3
2021,Karnataka,-0.6,0.01,0.11,0.452,95.9,2.4,9.8,62.1,30.5,86.6,41.6,32.9,26.6
2022,Karnataka,-0.8,0.033,-0.144,0.495,94.0,2.35,9.7,61.2,29.6,87.3,40.3,33.9,27.1
2023,Karnataka,1.4,-0.498,0.262,0.724,91.9,2.35,14.7,63.0,31.6,81.6,44.2,35.3,45.0
2024,Karnataka,0.1,-0.199,0.262,0.724,91.9,2.35,14.7,63.0,31.6,81.6,44.2,35.3,45.0
2025,Karnataka,-0.1,0.1,0.262,0.724,91.9,2.35,14.7,63.0,31.6,81.6,44.2,35.3,45.0
2026,Karnataka,1.8,0.1,0.262,0.724,91.9,2.35,14.7,63.0,31.6,81.6,44.2,35.3,45.0
1981,Kerala,-0.2,0.17,-0.018,0.364,97.2,2.48,9.9,51.0,26.4,86.7,37.1,32.5,21.8
1982,Kerala,1.3,-0.26,0.169,0.661,94.3,2.37,16.8,46.8,27.8,81.3,38.0,33.6,45.4
1983,Kerala,-0.2,0.145,0.037,0.348,93.5,2.43,10.5,49.5,25.9,84.3,38.1,31.7,20.3
1984,Kerala,-0.4,-0.019,-0.024,0.429,96.5,2.42,8.6,50.5,26.6,86.1,38.2,32.2,28.1
1985,Kerala,-0.3,0.052,-0.012,0.464,96.0,2.45,10.9,50.4,25.4,85.8,37.9,33.0,26.3
1986,Kerala,0.6,-0.262,0.073,0.559,93.9,2.47,12.0,49.2,26.6,85.6,38.9,35.0,34.3
1987,Kerala,1.4,-0.405,0.178,0.69,91.3,2.38,14.6,50.2,28.8,81.3,41.4,35.1,46.8
1988,Kerala,-1.3,0.155,-0.067,0.435,93.7,2.38,9.2,50.5,26.1,86.6,38.0,32.0,25.5
1989,Kerala,-0.3,0.113,0.004,0.473,96.4,2.46,10.4,50.2,25.7,87.8,38.9,34.0,26.3
1990,Kerala,0.3,-0.085,0.051,0.421,96.1,2.49,10.4,51.2,26.9,85.2,36.6,32.7,31.1
1991,Kerala,0.8,-0.229,0.069,0.616,94.2,2.41,13.8,51.8,27.0,83.8,40.2,33.8,36.5
1992,Kerala,0.0,-0.075,-0.016,0.446,95.0,2.47,11.1,52.6,24.3,86.3,37.8,32.8,26.5
1993,Kerala,0.2,-0.134,0.084,0.528,96.6,2.47,10.6,55.1,25.7,86.0,37.3,34.3,30.4
1994,Kerala,0.4,-0.125,0.154,0.52,93.1,2.43,11.7,53.5,27.6,84.5,38.9,33.1,34.4
1995,Kerala,-0.6,0.096,-0.017,0.48,95.7,2.44,10.4,53.0,24.5,87.2,36.0,32.3,28.4
1996,Kerala,-0.3,0.128,-0.093,0.381,95.6,2.43,10.3,55.4,25.9,84.8,39.6,34.1,24.8
1997,Kerala,1.9,-0.488,0.224,0.799,85.8,2.41,16.6,55.2,28.8,81.2,40.4,35.2,54.1
1998,Kerala,-0.9,0.164,0.015,0.402,98.3,2.43,11.1,54.8,26.2,87.9,37.8,32.2,24.8
1999,Kerala,-1.0,0.321,-0.092,0.407,94.6,2.42,12.3,52.3,25.3,86.5,38.0,33.1,27.1
2000,Kerala,-0.4,0.124,-0.036,0.445,96.9,2.45,9.4,55.4,25.6,86.1,36.5,34.2,26.5
2001,Kerala,-0.1,-0.067,0.017,0.397,95.6,2.48,10.8,53.5,27.0,87.2,39.5,32.8,26.7
2002,Kerala,0.8,-0.215,0.134,0.518,92.2,2.41,14.1,51.7,26.5,84.3,39.5,34.4,33.7
2003,Kerala,0.2,0.028,0.066,0.494,95.0,2.44,9.6,53.2,25.7,85.2,38.9,33.5,32.0
2004,Kerala,0.5,-0.014,0.111,0.501,94.8,2.43,11.3,55.6,27.0,84.4,37.3,33.6,33.7
2005,Kerala,-0.1,-0.081,0.051,0.496,96.8,2.44,9.9,54.3,25.4,86.6,37.9,32.9,29.7
2006,Kerala,0.4,-0.038,0.034,0.579,97.0,2.43,11.8,56.0,26.3,83.3,39.2,33.2,34.0
2007,Kerala,-0.9,0.247,-0.058,0.399,91.9,2.42,7.4,55.8,26.6,86.8,36.3,33.0,24.4
2008,Kerala,-0.3,0.029,0.057,0.492,96.2,2.47,10.5,59.1,24.8,84.7,39.2,33.6,25.4
2009,Kerala,0.7,-0.306,0.167,0.62,92.4,2.41,13.9,55.8,27.0,85.0,38.9,32.9,39.0
2010,Kerala,-1.3,0.107,-0.041,0.371,96.3,2.45,9.7,53.0,25.3,87.7,35.0,32.9,23.5
2011,Kerala,-0.6,0.028,0.012,0.425,96.7,2.42,9.5,57.5,26.8,86.3,37.6,33.2,27.8
2012,Kerala,0.4,-0.011,0.102,0.464,96.3,2.46,11.4,55.9,26.6,85.3,38.6,33.5,29.9
2013,Kerala,-0.3,-0.025,0.001,0.409,98.7,2.46,9.0,58.7,25.8,87.8,39.5,33.8,24.5
2014,Kerala,0.2,0.03,0.009,0.542,96.8,2.45,10.5,58.5,26.5,86.8,40.7,33.0,27.6
2015,Kerala,1.8,-0.373,0.187,0.794,90.8,2.32,18.0,60.2,27.5,81.8,40.2,35.7,54.4
2016,Kerala,-0.4,0.083,0.052,0.482,96.4,2.45,9.5,58.0,26.4,85.3,39.5,32.5,27.2
2017,Kerala,-0.2,0.02,0.112,0.425,97.1,2.45,9.9,58.4,26.0,86.5,37.3,31.9,24.1
2018,Kerala,0.4,-0.074,0.096,0.534,95.5,2.41,11.9,57.9,26.2,87.1,38.3,32.6,29.7
2019,Kerala,0.4,-0.216,0.16,0.56,96.6,2.41,11.5,59.9,26.5,86.5,40.5,33.2,31.6
2020,Kerala,-0.6,0.074,-0.096,0.396,95.3,2.44,10.1,58.2,25.6,86.3,36.1,33.0,26.0
2021,Kerala,-0.6,0.078,-0.007,0.43,93.4,2.42,10.8,58.2,25.6,86.3,37.7,32.6,26.6
2022,Kerala,-0.8,0.034,-0.112,0.436,96.2,2.43,7.7,57.2,25.5,88.4,34.0,33.0,25.4
2023,Kerala,1.4,-0.324,0.179,0.648,90.8,2.41,14.5,60.3,27.6,82.0,39.3,33.9,45.9
2024,Kerala,0.1,-0.112,0.179,0.648,90.8,2.41,14.5,60.3,27.6,82.0,39.3,33.9,45.9
2025,Kerala,-0.1,0.1,0.179,0.648,90.8,2.41,14.5,60.3,27.6,82.0,39.3,33.9,45.9
2026,Kerala,1.8,0.1,0.179,0.648,90.8,2.41,14.5,60.3,27.6,82.0,39.3,33.9,45.9
1981,Madhya Pradesh,-0.2,-0.088,0.092,0.574,94.5,2.47,9.1,49.8,30.0,86.2,41.1,37.0,27.1
1982,Madhya Pradesh,1.3,-0.543,0.289,0.77,90.8,2.36,13.3,48.3,30.8,81.4,42.0,38.0,52.4
1983,Madhya Pradesh,-0.2,-0.083,0.051,0.485,95.9,2.43,10.4,49.1,30.4,85.1,40.3,36.3,26.8
1984,Madhya Pradesh,-0.4,-0.198,-0.044,0.521,96.5,2.4,9.5,50.1,29.7,85.4,42.7,36.8,31.7
1985,Madhya Pradesh,-0.3,-0.109,0.007,0.523,99.7,2.47,6.8,47.2,31.2,83.2,42.3,37.5,30.1
1986,Madhya Pradesh,0.6,-0.316,0.117,0.619,92.9,2.42,11.9,50.5,30.8,82.6,41.7,38.7,37.1
1987,Madhya Pradesh,1.4,-0.475,0.243,0.774,91.1,2.32,16.1,48.9,32.2,79.2,44.4,38.8,49.6
1988,Madhya Pradesh,-1.3,0.12,-0.065,0.462,93.5,2.47,8.5,51.5,30.5,84.8,40.7,36.5,29.3
1989,Madhya Pradesh,-0.3,-0.204,-0.009,0.463,96.8,2.46,9.9,49.2,29.6,84.9,40.2,37.1,27.4
1990,Madhya Pradesh,0.3,-0.177,0.068,0.478,94.7,2.39,10.6,49.1,31.3,83.7,41.5,38.0,30.6
1991,Madhya Pradesh,0.8,-0.315,0.112,0.649,94.7,2.33,10.6,53.4,31.3,82.0,40.5,37.6,39.3
1992,Madhya Pradesh,0.0,-0.229,0.044,0.492,96.0,2.41,8.8,51.9,29.8,85.3,43.3,36.8,29.1
1993,Madhya Pradesh,0.2,-0.138,0.032,0.471,96.7,2.41,8.5,52.5,29.7,84.0,39.8,36.9,29.0
1994,Madhya Pradesh,0.4,-0.412,0.136,0.627,92.8,2.44,11.5,51.7,31.3,83.8,43.2,38.6,32.7
1995,Madhya Pradesh,-0.6,-0.117,0.037,0.467,95.8,2.46,7.6,53.1,30.1,86.4,43.0,36.5,26.1
1996,Madhya Pradesh,-0.3,-0.167,0.032,0.48,97.7,2.45,8.4,52.3,29.9,85.5,42.9,37.4,27.3
1997,Madhya Pradesh,1.9,-0.647,0.195,0.808,87.2,2.33,16.2,52.2,32.4,78.3,44.2,39.9,55.9
1998,Madhya Pradesh,-0.9,-0.003,-0.035,0.513,95.9,2.41,7.8,50.8,30.5,84.4,38.7,37.5,25.8
1999,Madhya Pradesh,-1.0,-0.056,-0.07,0.468,94.6,2.44,8.3,53.7,30.4,84.5,40.1,37.1,29.6
2000,Madhya Pradesh,-0.4,-0.123,0.042,0.489,96.5,2.42,8.6,53.2,30.7,84.0,42.1,37.5,29.5
2001,Madhya Pradesh,-0.1,-0.003,0.078,0.422,95.0,2.42,8.4,50.9,29.7,84.7,40.7,37.5,24.5
2002,Madhya Pradesh,0.8,-0.249,0.213,0.575,91.9,2.39,9.7,55.4,30.8,81.3,43.0,38.5,37.2
2003,Madhya Pradesh,0.2,-0.133,0.093,0.508,97.1,2.39,9.0,55.6,30.5,84.9,41.0,37.4,30.2
2004,Madhya Pradesh,0.5,-0.247,0.107,0.575,95.2,2.42,10.0,54.0,31.1,81.6,42.4,38.7,34.4
2005,Madhya Pradesh,-0.1,-0.107,0.042,0.518,95.8,2.45,8.7,54.5,30.0,83.1,43.3,37.4,29.7
2006,Madhya Pradesh,0.4,-0.264,0.062,0.473,96.2,2.4,7.0,56.9,30.7,84.6,41.1,38.0,32.1
2007,Madhya Pradesh,-0.9,0.07,-0.106,0.501,93.8,2.42,8.9,55.3,29.9,87.4,43.5,37.6,26.5
2008,Madhya Pradesh,-0.3,-0.128,0.013,0.466,96.4,2.48,5.9,55.7,29.9,86.4,41.5,38.5,28.1
2009,Madhya Pradesh,0.7,-0.286,0.075,0.613,93.1,2.45,11.5,53.7,30.7,82.9,42.5,38.7,36.4
2010,Madhya Pradesh,-1.3,0.021,-0.152,0.489,93.9,2.41,7.0,56.0,30.1,86.1,44.3,37.2,25.9
2011,Madhya Pradesh,-0.6,-0.18,-0.092,0.446,95.9,2.45,8.5,58.4,30.2,83.5,42.4,36.4,28.7
2012,Madhya Pradesh,0.4,-0.242,0.145,0.551,96.3,2.42,9.6,53.8,30.8,85.5,42.5,38.0,33.4
2013,Madhya Pradesh,-0.3,-0.004,0.034,0.417,98.9,2.42,8.7,56.2,29.7,85.7,42.3,37.2,27.8
2014,Madhya Pradesh,0.2,-0.141,0.153,0.512,93.8,2.45,8.7,56.9,29.2,85.8,42.2,37.5,28.6
2015,Madhya Pradesh,1.8,-0.515,0.387,0.796,88.6,2.38,16.9,57.7,33.4,78.8,46.1,39.0,54.1
2016,Madhya Pradesh,-0.4,-0.217,-0.006,0.494,96.9,2.4,7.7,60.0,31.2,85.7,42.4,37.6,25.7
2017,Madhya Pradesh,-0.2,-0.245,-0.032,0.526,97.8,2.42,10.3,56.9,31.2,86.2,41.3,37.8,25.8
2018,Madhya Pradesh,0.4,-0.236,0.111,0.528,96.6,2.44,9.4,57.7,31.4,84.7,42.9,37.6,30.4
2019,Madhya Pradesh,0.4,-0.129,0.147,0.544,95.4,2.41,9.1,61.0,31.0,84.1,41.2,39.5,31.6
2020,Madhya Pradesh,-0.6,-0.07,0.028,0.416,95.1,2.43,10.0,59.3,31.5,83.4,42.6,36.8,28.6
2021,Madhya Pradesh,-0.6,-0.073,-0.02,0.457,98.5,2.42,8.6,59.3,30.9,86.9,42.4,37.6,26.2
2022,Madhya Pradesh,-0.8,0.043,-0.04,0.476,94.1,2.42,8.7,59.7,30.5,86.5,41.7,36.4,25.2
2023,Madhya Pradesh,1.4,-0.484,0.087,0.794,88.7,2.37,14.7,59.2,32.1,79.7,44.6,39.2,46.1
2024,Madhya Pradesh,0.1,-0.167,0.087,0.794,88.7,2.37,14.7,59.2,32.1,79.7,44.6,39.2,46.1
2025,Madhya Pradesh,-0.1,0.15,0.087,0.794,88.7,2.37,14.7,59.2,32.1,79.7,44.6,39.2,46.1
2026,Madhya Pradesh,1.8,0.15,0.087,0.794,88.7,2.37,14.7,59.2,32.1,79.7,44.6,39.2,46.1
1981,Maharashtra,-0.2,-0.108,0.005,0.532,99.2,2.46,9.0,48.8,28.9,83.2,40.0,33.7,26.6
1982,Maharashtra,1.3,-0.435,0.166,0.692,94.9,2.46,15.6,55.0,31.5,80.6,42.9,36.8,43.9
1983,Maharashtra,-0.2,-0.004,-0.002,0.456,96.0,2.45,8.3,53.4,29.8,83.0,41.1,33.5,28.7
1984,Maharashtra,-0.4,0.163,-0.018,0.477,97.3,2.44,9.8,52.1,29.1,83.1,41.5,34.4,27.6
1985,Maharashtra,-0.3,0.113,-0.063,0.438,97.5,2.45,8.3,51.6,29.8,83.1,40.3,34.4,27.5
1986,Maharashtra,0.6,-0.165,0.072,0.451,96.8,2.49,12.1,52.9,29.5,79.0,38.9,35.3,31.1
1987,Maharashtra,1.4,-0.357,0.099,0.728,91.7,2.38,16.3,51.1,31.4,77.7,41.3,36.8,47.3
1988,Maharashtra,-1.3,0.112,-0.079,0.454,93.5,2.46,10.5,53.2,30.4,83.5,40.4,34.5,27.1
1989,Maharashtra,-0.3,-0.04,-0.005,0.475,98.8,2.48,9.2,55.3,29.3,85.2,39.2,34.4,29.3
1990,Maharashtra,0.3,-0.115,0.103,0.556,95.1,2.41,11.4,55.1,30.2,81.6,38.1,35.0,33.3
1991,Maharashtra,0.8,-0.193,0.206,0.528,94.7,2.41,11.1,55.0,31.2,82.5,40.7,36.0,34.6
1992,Maharashtra,0.0,-0.06,0.039,0.395,97.3,2.46,11.1,53.7,29.8,84.9,42.4,34.5,26.7
1993,Maharashtra,0.2,0.025,0.134,0.455,96.3,2.46,10.4,52.8,29.0,82.9,41.2,34.5,31.3
1994,Maharashtra,0.4,-0.156,0.051,0.521,96.3,2.45,12.4,54.8,31.0,81.6,43.9,35.6,31.6
1995,Maharashtra,-0.6,0.103,-0.076,0.397,98.3,2.46,7.8,53.8,29.9,81.8,42.8,35.8,25.0
1996,Maharashtra,-0.3,-0.152,0.012,0.47,96.1,2.42,8.3,55.2,30.1,83.9,40.7,34.1,26.2
1997,Maharashtra,1.9,-0.637,0.234,0.774,92.9,2.41,17.2,55.7,30.6,76.6,45.6,35.2,53.9
1998,Maharashtra,-0.9,0.133,-0.078,0.491,96.8,2.42,9.2,57.9,30.2,83.2,41.8,34.4,27.5
1999,Maharashtra,-1.0,0.146,-0.09,0.462,94.2,2.47,10.1,59.2,30.2,82.7,39.4,33.8,27.6
2000,Maharashtra,-0.4,0.007,0.091,0.442,95.3,2.51,7.7,55.5,29.2,83.4,39.3,35.0,23.6
2001,Maharashtra,-0.1,-0.055,0.005,0.451,96.4,2.46,10.5,55.0,30.1,82.7,38.9,34.7,24.6
2002,Maharashtra,0.8,-0.171,0.126,0.556,98.2,2.45,11.1,54.8,29.7,80.9,42.2,35.0,37.3
2003,Maharashtra,0.2,0.004,0.087,0.477,98.1,2.48,10.0,57.0,29.8,83.6,41.7,35.3,26.0
2004,Maharashtra,0.5,-0.266,0.108,0.583,96.0,2.42,10.0,55.3,30.5,82.2,43.2,34.9,36.8
2005,Maharashtra,-0.1,-0.034,0.111,0.369,97.7,2.42,7.8,57.0,29.3,83.9,37.8,33.1,24.1
2006,Maharashtra,0.4,-0.062,0.044,0.49,99.2,2.43,10.7,56.4,30.3,83.4,40.9,35.6,29.9
2007,Maharashtra,-0.9,0.02,-0.02,0.452,98.3,2.47,7.1,56.8,29.3,82.6,40.4,33.9,28.1
2008,Maharashtra,-0.3,-0.08,0.054,0.419,94.6,2.4,10.0,59.0,29.3,83.4,42.3,34.7,25.6
2009,Maharashtra,0.7,-0.323,0.152,0.594,94.7,2.44,13.0,56.9,30.2,81.6,41.3,35.8,35.3
2010,Maharashtra,-1.3,0.245,-0.073,0.401,95.2,2.45,9.2,54.0,30.0,84.2,41.2,33.1,28.1
2011,Maharashtra,-0.6,0.087,0.046,0.441,97.0,2.45,9.8,58.1,29.4,83.5,42.6,34.1,25.9
2012,Maharashtra,0.4,-0.191,0.08,0.519,95.9,2.46,10.6,60.1,30.3,82.5,41.1,35.2,31.4
2013,Maharashtra,-0.3,0.003,-0.001,0.375,97.1,2.47,10.0,60.1,29.9,83.1,39.8,34.3,25.4
2014,Maharashtra,0.2,-0.153,0.135,0.527,96.4,2.46,9.0,57.8,30.7,84.1,40.0,35.3,33.9
2015,Maharashtra,1.8,-0.403,0.184,0.772,89.8,2.34,17.1,58.8,30.1,76.2,41.3,37.0,51.4
2016,Maharashtra,-0.4,-0.103,0.04,0.422,100.7,2.46,8.6,59.4,29.8,83.1,38.4,32.5,25.0
2017,Maharashtra,-0.2,0.13,0.062,0.455,97.2,2.45,10.9,60.0,30.0,83.2,40.4,33.6,27.4
2018,Maharashtra,0.4,-0.235,0.085,0.499,96.3,2.44,9.9,62.5,29.9,82.4,41.5,35.2,32.0
2019,Maharashtra,0.4,-0.182,0.074,0.533,97.7,2.45,11.3,59.1,29.9,83.9,43.2,35.7,32.2
2020,Maharashtra,-0.6,0.026,0.022,0.44,97.9,2.44,9.6,61.7,29.3,83.9,41.7,34.6,25.1
2021,Maharashtra,-0.6,0.059,0.061,0.372,97.7,2.47,10.3,62.0,29.1,84.2,40.5,34.2,24.9
2022,Maharashtra,-0.8,-0.03,-0.02,0.477,97.4,2.39,9.6,61.3,29.0,83.9,39.8,33.7,25.1
2023,Maharashtra,1.4,-0.438,0.225,0.742,90.1,2.41,15.1,63.6,30.9,78.4,42.7,34.8,46.7
2024,Maharashtra,0.1,-0.144,0.225,0.742,90.1,2.41,15.1,63.6,30.9,78.4,42.7,34.8,46.7
2025,Maharashtra,-0.1,0.15,0.225,0.742,90.1,2.41,15.1,63.6,30.9,78.4,42.7,34.8,46.7
2026,Maharashtra,1.8,0.15,0.225,0.742,90.1,2.41,15.1,63.6,30.9,78.4,42.7,34.8,46.7
1981,Odisha,-0.2,-0.016,0.009,0.374,99.8,2.46,7.5,51.9,31.1,83.0,43.9,38.1,26.0
1982,Odisha,1.3,-0.246,0.164,0.578,94.8,2.39,13.5,53.0,33.6,79.7,45.9,40.5,44.6
1983,Odisha,-0.2,0.123,-0.002,0.377,98.6,2.46,7.6,52.9,31.7,82.1,42.5,38.9,26.7
1984,Odisha,-0.4,0.178,-0.01,0.387,99.8,2.42,9.3,51.8,32.1,83.8,42.2,39.0,28.3
1985,Odisha,-0.3,0.082,0.062,0.426,96.5,2.47,9.9,51.4,31.4,83.2,44.2,38.7,26.4
1986,Odisha,0.6,0.089,0.118,0.471,96.6,2.39,10.4,52.7,32.0,82.0,45.5,39.7,32.1
1987,Odisha,1.4,-0.328,0.178,0.694,93.0,2.34,13.6,54.4,33.7,76.6,44.4,40.9,47.8
1988,Odisha,-1.3,0.347,-0.058,0.282,95.1,2.42,8.3,52.1,31.9,83.4,45.2,37.6,25.3
1989,Odisha,-0.3,0.147,0.031,0.388,97.1,2.44,8.8,55.2,31.4,85.0,42.8,39.7,26.1
1990,Odisha,0.3,-0.028,0.051,0.386,99.3,2.45,8.5,55.6,32.9,82.7,45.6,40.2,27.2
1991,Odisha,0.8,-0.19,0.106,0.509,95.8,2.44,12.2,53.1,31.6,80.0,47.5,38.6,37.3
1992,Odisha,0.0,0.003,0.106,0.364,94.7,2.46,9.5,51.6,31.7,84.3,44.6,37.6,26.9
1993,Odisha,0.2,-0.019,0.079,0.473,93.9,2.46,9.6,54.7,32.8,84.8,43.6,37.6,29.1
1994,Odisha,0.4,-0.003,0.117,0.432,94.9,2.44,8.8,54.7,31.8,80.6,43.0,38.5,32.4
1995,Odisha,-0.6,0.058,0.044,0.401,96.3,2.47,7.0,53.9,30.7,83.7,44.1,39.4,26.5
1996,Odisha,-0.3,0.088,0.006,0.351,97.1,2.43,8.6,55.3,32.0,82.8,44.4,38.8,24.6
1997,Odisha,1.9,-0.359,0.182,0.745,88.3,2.38,15.6,53.0,33.6,76.9,45.4,39.4,53.6
1998,Odisha,-0.9,0.323,-0.009,0.315,95.9,2.42,7.1,56.2,31.6,84.0,43.7,36.0,22.5
1999,Odisha,-1.0,0.259,-0.077,0.36,97.8,2.42,8.7,53.7,30.9,84.5,44.9,37.7,26.9
2000,Odisha,-0.4,0.076,0.044,0.327,96.5,2.47,7.8,53.0,31.7,84.2,41.8,38.0,26.0
2001,Odisha,-0.1,-0.126,0.005,0.337,98.5,2.49,8.0,56.5,31.2,83.1,45.5,37.8,24.2
2002,Odisha,0.8,-0.234,0.187,0.564,95.4,2.42,11.4,56.5,33.7,82.6,45.9,38.7,34.5
2003,Odisha,0.2,0.018,0.042,0.394,99.3,2.47,8.7,56.1,32.0,83.8,43.0,38.2,27.8
2004,Odisha,0.5,-0.252,0.118,0.489,95.2,2.45,11.5,60.9,33.4,83.3,45.2,38.4,31.4
2005,Odisha,-0.1,0.082,0.027,0.392,101.9,2.43,8.1,54.9,31.7,84.5,44.9,39.2,25.0
2006,Odisha,0.4,0.029,0.132,0.437,96.1,2.43,12.6,55.8,31.9,83.6,42.7,39.0,31.5
2007,Odisha,-0.9,0.192,-0.009,0.378,95.3,2.44,8.9,59.0,31.5,83.4,43.6,37.8,25.5
2008,Odisha,-0.3,0.066,-0.055,0.32,99.3,2.45,9.7,57.8,31.7,83.4,43.4,39.7,22.1
2009,Odisha,0.7,-0.122,0.106,0.525,95.6,2.43,11.8,58.0,32.3,79.7,44.4,39.3,35.6
2010,Odisha,-1.3,0.414,-0.092,0.281,95.0,2.44,9.0,57.9,30.9,83.6,44.1,38.9,26.9
2011,Odisha,-0.6,0.077,-0.007,0.338,95.2,2.43,9.2,57.6,31.4,84.6,44.9,35.7,25.1
2012,Odisha,0.4,-0.085,0.045,0.415,96.4,2.45,10.1,61.7,31.7,82.4,43.1,38.2,29.3
2013,Odisha,-0.3,0.087,0.136,0.392,99.0,2.49,9.3,54.4,31.6,84.8,44.3,38.0,27.1
2014,Odisha,0.2,-0.121,0.042,0.406,97.6,2.45,8.4,59.5,31.0,83.5,43.1,38.3,29.9
2015,Odisha,1.8,-0.349,0.208,0.678,88.5,2.35,15.0,58.9,33.5,79.8,45.3,39.7,48.4
2016,Odisha,-0.4,0.139,0.032,0.44,97.3,2.45,7.8,61.6,30.9,84.9,43.2,37.5,29.0
2017,Odisha,-0.2,0.119,0.006,0.346,95.3,2.53,8.9,59.7,31.3,84.2,44.3,38.1,24.8
2018,Odisha,0.4,0.03,0.15,0.443,96.5,2.48,10.4,61.3,32.2,82.5,44.8,39.4,32.9
2019,Odisha,0.4,-0.017,0.043,0.413,96.5,2.4,8.3,59.8,32.0,82.5,43.4,38.5,30.2
2020,Odisha,-0.6,0.27,-0.034,0.342,98.3,2.45,9.5,62.6,31.5,84.3,44.4,37.3,24.4
2021,Odisha,-0.6,0.207,-0.012,0.388,97.0,2.48,8.5,59.4,31.0,82.9,42.4,37.9,26.6
2022,Odisha,-0.8,0.217,0.007,0.373,92.2,2.4,7.2,61.3,30.7,83.9,45.5,39.6,23.2
2023,Odisha,1.4,-0.373,0.123,0.655,91.2,2.39,13.2,62.7,32.9,79.6,44.9,39.6,46.9
2024,Odisha,0.1,-0.286,0.123,0.655,91.2,2.39,13.2,62.7,32.9,79.6,44.9,39.6,46.9
2025,Odisha,-0.1,-0.2,0.123,0.655,91.2,2.39,13.2,62.7,32.9,79.6,44.9,39.6,46.9
2026,Odisha,1.8,-0.2,0.123,0.655,91.2,2.39,13.2,62.7,32.9,79.6,44.9,39.6,46.9
1981,Punjab,-0.2,0.013,0.024,0.42,98.1,2.48,8.6,49.5,28.1,85.7,38.7,32.2,26.1
1982,Punjab,1.3,-0.344,0.206,0.687,91.5,2.43,14.6,52.1,28.7,81.4,42.6,33.9,45.7
1983,Punjab,-0.2,0.01,0.018,0.46,98.1,2.47,10.8,52.6,28.8,84.9,37.5,32.5,31.1
1984,Punjab,-0.4,-0.056,0.032,0.382,97.9,2.5,10.0,50.6,27.4,85.4,37.5,33.1,26.5
1985,Punjab,-0.3,-0.106,0.06,0.381,97.0,2.5,9.3,50.4,28.8,85.0,41.2,31.5,25.0
1986,Punjab,0.6,-0.201,0.057,0.549,95.3,2.45,10.1,49.0,28.9,84.7,41.3,33.7,36.2
1987,Punjab,1.4,-0.374,0.193,0.666,91.0,2.39,15.3,53.4,29.0,81.0,39.1,34.2,48.0
1988,Punjab,-1.3,-0.043,-0.005,0.397,95.3,2.45,9.4,53.9,28.4,85.3,40.0,31.7,25.1
1989,Punjab,-0.3,0.008,0.137,0.497,97.4,2.52,7.7,53.1,28.0,85.2,38.0,33.9,26.2
1990,Punjab,0.3,-0.095,0.077,0.554,94.2,2.48,10.7,55.5,28.5,86.1,40.8,33.9,30.5
1991,Punjab,0.8,-0.291,0.216,0.528,92.3,2.43,11.7,53.2,28.0,84.9,39.6,34.8,35.1
1992,Punjab,0.0,-0.296,0.151,0.433,94.8,2.44,7.2,53.4,28.3,85.6,41.5,32.2,29.6
1993,Punjab,0.2,-0.156,0.159,0.499,95.8,2.47,10.7,54.5,29.7,86.5,39.5,33.9,31.9
1994,Punjab,0.4,-0.104,0.097,0.554,94.1,2.45,9.9,54.3,27.5,85.3,41.6,32.3,33.5
1995,Punjab,-0.6,0.101,0.028,0.489,96.3,2.47,10.0,53.3,27.7,86.6,40.1,32.5,27.7
1996,Punjab,-0.3,-0.109,0.017,0.444,95.7,2.45,11.2,54.7,28.6,86.3,37.2,32.1,27.5
1997,Punjab,1.9,-0.528,0.24,0.815,87.3,2.4,16.8,52.8,30.7,79.0,42.1,35.4,53.2
1998,Punjab,-0.9,0.102,0.111,0.461,96.6,2.5,9.6,55.5,28.3,84.5,38.8,32.0,28.6
1999,Punjab,-1.0,-0.02,-0.1,0.416,95.6,2.46,11.3,56.7,29.0,87.0,40.4,33.0,28.8
2000,Punjab,-0.4,0.062,0.04,0.423,94.4,2.43,9.5,56.8,29.5,85.5,40.5,32.3,24.7
2001,Punjab,-0.1,-0.012,0.015,0.456,95.1,2.43,9.4,57.9,28.1,86.1,39.3,33.6,25.5
2002,Punjab,0.8,-0.181,0.146,0.569,93.2,2.45,12.5,58.5,28.8,84.5,41.3,34.0,35.3
2003,Punjab,0.2,-0.153,0.04,0.45,95.5,2.47,10.6,58.4,29.2,85.1,39.2,32.9,25.7
2004,Punjab,0.5,-0.113,0.185,0.546,95.0,2.47,10.8,55.0,29.3,85.8,39.0,33.1,33.3
2005,Punjab,-0.1,-0.108,0.064,0.427,95.9,2.5,9.1,56.4,29.1,87.4,39.3,32.5,23.2
2006,Punjab,0.4,-0.257,0.218,0.558,96.6,2.49,9.3,57.7,28.6,85.5,40.6,32.2,31.0
2007,Punjab,-0.9,0.11,-0.002,0.421,96.6,2.46,8.3,53.8,27.9,84.9,40.2,31.3,24.4
2008,Punjab,-0.3,-0.022,0.08,0.459,95.3,2.46,10.1,56.5,29.3,86.0,38.9,33.8,28.0
2009,Punjab,0.7,-0.318,0.204,0.6,94.3,2.46,12.3,57.8,28.7,84.3,39.5,33.6,35.1
2010,Punjab,-1.3,0.231,-0.048,0.418,93.6,2.44,9.8,60.6,27.3,87.0,39.6,32.2,25.9
2011,Punjab,-0.6,-0.061,-0.02,0.448,94.1,2.5,9.6,56.5,27.8,85.5,38.5,32.8,25.8
2012,Punjab,0.4,-0.268,0.192,0.497,93.5,2.43,11.0,62.0,28.6,86.9,37.8,33.2,31.6
2013,Punjab,-0.3,-0.155,0.108,0.419,98.8,2.47,9.2,58.6,28.7,86.4,39.2,32.0,24.5
2014,Punjab,0.2,-0.162,0.139,0.505,96.2,2.45,10.0,57.3,28.9,84.9,40.7,34.2,31.3
2015,Punjab,1.8,-0.433,0.35,0.751,87.4,2.36,16.7,59.2,31.8,80.2,40.3,35.6,52.1
2016,Punjab,-0.4,-0.032,0.07,0.45,93.2,2.49,8.5,59.2,29.4,85.6,39.2,32.5,23.2
2017,Punjab,-0.2,-0.052,-0.036,0.418,96.0,2.49,9.1,60.6,28.0,87.6,37.4,32.8,25.0
2018,Punjab,0.4,-0.273,0.128,0.463,92.6,2.42,9.2,59.3,29.2,84.9,39.6,34.4,30.4
2019,Punjab,0.4,-0.202,0.14,0.507,92.2,2.46,10.7,57.9,28.0,85.8,39.7,31.3,32.4
2020,Punjab,-0.6,-0.025,-0.003,0.49,93.7,2.46,10.3,60.9,28.9,86.4,39.2,32.0,27.7
2021,Punjab,-0.6,-0.036,-0.034,0.405,97.3,2.45,7.5,58.4,28.5,86.1,40.4,32.6,23.7
2022,Punjab,-0.8,0.017,0.077,0.414,95.9,2.48,7.4,62.0,28.6,88.2,40.7,34.0,24.6
2023,Punjab,1.4,-0.408,0.305,0.696,92.4,2.37,15.7,62.3,29.6,81.8,42.7,34.8,47.2
2024,Punjab,0.1,-0.069,0.305,0.696,92.4,2.37,15.7,62.3,29.6,81.8,42.7,34.8,47.2
2025,Punjab,-0.1,0.27,0.305,0.696,92.4,2.37,15.7,62.3,29.6,81.8,42.7,34.8,47.2
2026,Punjab,1.8,0.27,0.305,0.696,92.4,2.37,15.7,62.3,29.6,81.8,42.7,34.8,47.2
1981,Rajasthan,-0.2,0.035,0.051,0.4,98.2,2.43,7.9,51.4,30.9,84.5,42.9,38.4,25.6
1982,Rajasthan,1.3,-0.444,0.313,0.705,93.0,2.36,12.5,55.5,32.5,80.2,43.4,38.7,43.2
1983,Rajasthan,-0.2,-0.104,0.098,0.437,96.6,2.41,7.9,55.3,30.7,83.9,40.4,36.4,25.8
1984,Rajasthan,-0.4,-0.012,0.109,0.404,95.4,2.42,8.2,53.4,30.8,83.4,38.6,37.6,25.3
1985,Rajasthan,-0.3,0.026,0.128,0.415,95.2,2.41,5.9,50.7,30.1,83.9,41.0,37.9,25.7
1986,Rajasthan,0.6,-0.438,0.241,0.517,94.0,2.37,9.4,54.0,31.4,82.1,38.2,36.8,34.4
1987,Rajasthan,1.4,-0.319,0.335,0.72,91.8,2.35,12.6,55.6,31.2,79.3,41.1,39.5,48.1
1988,Rajasthan,-1.3,0.199,-0.011,0.39,94.9,2.42,5.3,58.3,30.8,86.3,44.2,37.3,25.0
1989,Rajasthan,-0.3,0.095,0.004,0.44,96.8,2.4,7.5,56.1,32.0,85.4,40.3,37.2,27.7
1990,Rajasthan,0.3,-0.313,0.16,0.454,97.0,2.41,8.9,52.8,30.3,82.3,43.5,37.7,28.2
1991,Rajasthan,0.8,-0.276,0.088,0.557,93.8,2.39,11.2,58.1,30.7,81.3,42.8,38.2,36.6
1992,Rajasthan,0.0,-0.348,0.123,0.496,97.0,2.4,7.9,54.8,29.4,84.3,41.6,38.3,26.8
1993,Rajasthan,0.2,-0.305,0.13,0.447,96.6,2.39,7.2,55.7,30.8,82.5,40.8,37.5,26.3
1994,Rajasthan,0.4,-0.213,0.147,0.53,94.4,2.41,9.9,53.3,31.4,80.3,39.5,37.7,36.1
1995,Rajasthan,-0.6,-0.167,0.042,0.45,95.4,2.4,7.6,56.0,30.3,84.2,39.5,37.3,25.3
1996,Rajasthan,-0.3,-0.116,0.115,0.387,94.7,2.4,7.8,55.6,29.7,86.0,43.3,36.6,25.9
1997,Rajasthan,1.9,-0.6,0.405,0.76,89.8,2.35,14.4,55.1,32.7,77.1,42.9,39.0,54.0
1998,Rajasthan,-0.9,0.135,0.035,0.405,96.9,2.41,6.5,57.5,30.4,83.4,41.5,36.4,26.9
1999,Rajasthan,-1.0,-0.011,-0.024,0.426,97.4,2.43,8.4,59.2,30.5,84.0,40.8,37.4,28.0
2000,Rajasthan,-0.4,-0.047,0.094,0.405,97.8,2.46,6.4,57.5,31.1,86.1,41.9,36.8,24.9
2001,Rajasthan,-0.1,-0.07,0.079,0.45,97.6,2.46,9.0,58.1,30.5,84.1,43.4,36.5,26.2
2002,Rajasthan,0.8,-0.098,0.349,0.566,95.2,2.39,9.3,56.2,30.5,82.1,42.4,37.5,35.9
2003,Rajasthan,0.2,-0.151,0.065,0.436,93.5,2.39,7.1,59.5,30.6,84.1,38.2,38.6,26.0
2004,Rajasthan,0.5,-0.092,0.207,0.513,94.4,2.39,9.2,56.8,30.8,83.2,41.4,37.4,33.2
2005,Rajasthan,-0.1,-0.072,0.111,0.372,94.9,2.41,10.1,59.7,31.1,85.5,41.6,36.1,25.0
2006,Rajasthan,0.4,-0.198,0.137,0.522,95.5,2.39,10.1,55.2,30.6,80.9,43.2,37.8,33.5
2007,Rajasthan,-0.9,0.115,-0.002,0.471,95.3,2.41,8.8,55.9,30.1,86.0,40.1,37.8,28.1
2008,Rajasthan,-0.3,0.012,0.068,0.44,98.4,2.37,7.5,59.6,31.2,85.0,39.2,38.1,25.6
2009,Rajasthan,0.7,-0.122,0.211,0.5,92.4,2.37,10.8,60.5,31.6,82.8,42.7,38.2,34.6
2010,Rajasthan,-1.3,0.272,0.034,0.424,94.6,2.39,7.4,57.7,30.8,84.6,41.4,36.2,26.9
2011,Rajasthan,-0.6,0.086,-0.022,0.427,95.2,2.37,8.8,60.0,29.4,82.9,42.0,36.8,27.9
2012,Rajasthan,0.4,-0.194,0.045,0.558,97.3,2.42,8.9,59.4,31.3,85.2,41.0,37.1,30.4
2013,Rajasthan,-0.3,0.02,0.051,0.495,97.3,2.49,7.3,59.1,30.1,84.9,41.3,36.9,25.6
2014,Rajasthan,0.2,-0.177,0.193,0.518,94.6,2.38,8.7,61.6,30.9,83.9,40.8,36.2,30.3
2015,Rajasthan,1.8,-0.651,0.294,0.762,88.4,2.32,16.5,58.8,32.5,80.9,42.7,40.2,51.8
2016,Rajasthan,-0.4,-0.048,0.064,0.407,96.6,2.44,5.8,60.2,31.1,85.0,43.3,37.1,23.0
2017,Rajasthan,-0.2,0.05,0.047,0.412,95.8,2.39,8.0,61.6,29.5,84.8,41.0,37.6,27.6
2018,Rajasthan,0.4,-0.09,0.227,0.52,95.0,2.44,9.2,59.5,30.6,84.4,41.4,38.6,30.6
2019,Rajasthan,0.4,-0.136,0.109,0.513,98.4,2.43,9.5,62.2,31.2,82.6,43.0,37.1,27.7
2020,Rajasthan,-0.6,0.244,0.072,0.396,95.6,2.39,7.3,64.1,29.8,84.5,37.5,35.9,25.8
2021,Rajasthan,-0.6,0.046,0.111,0.426,96.3,2.43,8.4,60.7,29.7,85.1,40.2,36.5,26.8
2022,Rajasthan,-0.8,0.131,0.033,0.449,95.1,2.4,8.4,63.7,31.1,83.5,43.1,37.4,26.8
2023,Rajasthan,1.4,-0.51,0.281,0.696,89.9,2.36,14.2,63.2,31.1,82.4,44.6,38.3,45.4
2024,Rajasthan,0.1,-0.12,0.281,0.696,89.9,2.36,14.2,63.2,31.1,82.4,44.6,38.3,45.4
2025,Rajasthan,-0.1,0.27,0.281,0.696,89.9,2.36,14.2,63.2,31.1,82.4,44.6,38.3,45.4
2026,Rajasthan,1.8,0.27,0.281,0.696,89.9,2.36,14.2,63.2,31.1,82.4,44.6,38.3,45.4
1981,Tamil Nadu,-0.2,-0.056,0.125,0.524,98.4,2.43,11.5,51.0,29.0,84.4,39.8,34.3,26.2
1982,Tamil Nadu,1.3,-0.302,0.249,0.79,91.4,2.4,16.4,48.7,30.0,78.7,42.0,35.9,47.0
1983,Tamil Nadu,-0.2,-0.116,-0.042,0.497,97.5,2.41,11.9,51.0,28.6,82.7,40.9,35.5,28.8
1984,Tamil Nadu,-0.4,0.026,0.037,0.433,95.4,2.4,11.2,51.2,29.2,85.8,40.5,34.0,30.0
1985,Tamil Nadu,-0.3,-0.124,0.027,0.406,94.0,2.42,12.8,49.9,29.0,84.8,42.0,35.6,28.3
1986,Tamil Nadu,0.6,-0.197,0.123,0.658,95.4,2.43,14.5,53.7,30.0,81.8,41.1,35.9,38.1
1987,Tamil Nadu,1.4,-0.322,0.232,0.712,89.7,2.38,15.9,49.7,30.9,79.5,42.5,36.2,49.1
1988,Tamil Nadu,-1.3,0.138,-0.18,0.527,95.8,2.4,11.7,50.9,29.4,84.6,41.4,34.4,30.5
1989,Tamil Nadu,-0.3,0.058,0.092,0.484,96.7,2.43,13.1,50.8,30.1,83.4,39.8,35.8,28.5
1990,Tamil Nadu,0.3,-0.242,0.102,0.512,96.2,2.4,12.6,51.2,29.9,83.6,38.7,37.1,30.5
1991,Tamil Nadu,0.8,-0.39,0.253,0.662,92.8,2.39,15.3,51.7,30.5,81.2,40.8,35.6,40.3
1992,Tamil Nadu,0.0,-0.051,0.152,0.509,94.8,2.4,14.1,52.1,28.8,83.7,39.9,34.7,28.7
1993,Tamil Nadu,0.2,-0.053,0.153,0.542,97.1,2.42,11.7,51.6,29.9,83.8,40.6,35.9,30.8
1994,Tamil Nadu,0.4,-0.191,0.155,0.611,94.5,2.39,14.5,52.6,30.1,82.7,40.2,34.8,36.6
1995,Tamil Nadu,-0.6,0.17,0.049,0.397,96.2,2.42,10.1,55.1,29.0,84.3,40.5,35.0,25.3
1996,Tamil Nadu,-0.3,-0.061,0.018,0.49,96.0,2.46,12.0,51.4,30.3,85.5,38.9,34.4,26.0
1997,Tamil Nadu,1.9,-0.511,0.232,0.82,87.4,2.3,19.3,54.4,31.9,78.5,42.2,37.3,54.8
1998,Tamil Nadu,-0.9,0.087,0.013,0.511,92.7,2.43,10.2,54.0,29.4,84.4,40.7,34.7,28.6
1999,Tamil Nadu,-1.0,0.264,0.045,0.45,94.8,2.41,11.1,53.3,30.1,84.7,38.1,36.0,25.6
2000,Tamil Nadu,-0.4,0.098,0.091,0.509,94.5,2.43,11.1,56.8,30.6,84.2,40.3,35.5,26.4
2001,Tamil Nadu,-0.1,-0.057,0.161,0.439,94.2,2.47,10.2,53.0,28.9,83.8,38.7,35.3,25.3
2002,Tamil Nadu,0.8,-0.333,0.277,0.636,94.9,2.39,13.2,57.7,29.1,81.1,42.2,35.4,40.6
2003,Tamil Nadu,0.2,0.09,0.197,0.477,95.1,2.43,12.9,54.5,29.6,83.6,40.3,34.0,30.2
2004,Tamil Nadu,0.5,-0.213,0.134,0.606,94.3,2.44,12.6,56.3,30.6,82.3,42.5,35.8,34.0
2005,Tamil Nadu,-0.1,0.094,-0.008,0.494,96.8,2.39,11.7,55.6,28.2,84.7,38.7,34.4,28.4
2006,Tamil Nadu,0.4,-0.269,0.145,0.606,93.6,2.43,12.7,56.6,29.7,82.8,40.7,35.0,32.8
2007,Tamil Nadu,-0.9,0.182,-0.026,0.48,94.5,2.46,10.2,55.6,29.0,85.8,42.4,33.8,29.3
2008,Tamil Nadu,-0.3,-0.08,0.051,0.483,97.2,2.41,12.6,57.0,29.2,84.9,39.5,36.2,31.4
2009,Tamil Nadu,0.7,-0.221,0.204,0.685,91.8,2.43,13.2,57.2,30.3,82.9,40.6,36.5,39.7
2010,Tamil Nadu,-1.3,0.088,-0.074,0.517,93.7,2.39,11.8,57.8,29.0,83.9,38.6,33.5,28.7
2011,Tamil Nadu,-0.6,0.095,0.04,0.504,93.1,2.47,8.6,57.1,29.8,86.9,39.0,35.3,29.3
2012,Tamil Nadu,0.4,-0.007,0.178,0.604,92.9,2.41,12.3,58.3,29.1,82.5,40.0,34.9,31.8
2013,Tamil Nadu,-0.3,0.024,0.095,0.449,95.5,2.41,11.1,58.2,29.0,85.0,37.9,35.3,28.0
2014,Tamil Nadu,0.2,-0.164,0.104,0.523,95.5,2.43,12.9,57.9,30.6,83.4,38.6,34.9,32.8
2015,Tamil Nadu,1.8,-0.339,0.216,0.756,90.4,2.35,20.4,57.6,31.6,77.3,42.0,36.6,50.6
2016,Tamil Nadu,-0.4,-0.155,0.203,0.476,96.9,2.41,11.9,58.0,29.0,86.4,39.8,35.2,28.3
2017,Tamil Nadu,-0.2,-0.082,0.14,0.46,95.4,2.41,11.0,59.4,29.6,86.2,37.9,33.3,27.4
2018,Tamil Nadu,0.4,-0.197,0.142,0.557,94.1,2.42,12.5,59.4,29.7,85.4,39.7,34.7,31.9
2019,Tamil Nadu,0.4,-0.168,0.161,0.565,95.5,2.43,13.5,59.0,30.5,84.2,39.2,34.6,34.4
2020,Tamil Nadu,-0.6,0.158,0.095,0.503,98.5,2.44,9.1,59.0,30.8,85.1,40.1,33.5,27.0
2021,Tamil Nadu,-0.6,0.096,0.029,0.503,97.2,2.44,12.6,59.7,28.5,85.2,40.1,34.2,28.3
2022,Tamil Nadu,-0.8,0.07,0.007,0.524,95.8,2.4,10.8,58.2,29.9,84.4,42.1,35.1,25.5
2023,Tamil Nadu,1.4,-0.346,0.204,0.736,89.1,2.42,17.3,59.4,29.9,80.8,42.5,36.1,47.1
2024,Tamil Nadu,0.1,-0.123,0.204,0.736,89.1,2.42,17.3,59.4,29.9,80.8,42.5,36.1,47.1
2025,Tamil Nadu,-0.1,0.1,0.204,0.736,89.1,2.42,17.3,59.4,29.9,80.8,42.5,36.1,47.1
2026,Tamil Nadu,1.8,0.1,0.204,0.736,89.1,2.42,17.3,59.4,29.9,80.8,42.5,36.1,47.1
1981,Telangana,-0.2,-0.015,0.129,0.455,97.6,2.46,10.8,45.2,32.1,83.7,40.1,35.9,30.0
1982,Telangana,1.3,-0.413,0.285,0.705,88.5,2.35,15.9,49.3,31.5,81.4,43.3,36.9,43.9
1983,Telangana,-0.2,-0.153,0.173,0.465,95.2,2.41,10.8,46.2,29.7,84.3,38.7,36.2,29.8
1984,Telangana,-0.4,-0.018,0.164,0.46,92.0,2.36,11.5,46.2,31.2,85.1,39.4,35.2,27.6
1985,Telangana,-0.3,0.105,0.156,0.441,96.2,2.39,10.0,47.4,30.0,84.5,41.5,36.6,25.4
1986,Telangana,0.6,-0.248,0.182,0.643,93.5,2.38,11.6,47.8,32.0,82.5,41.5,36.7,37.7
1987,Telangana,1.4,-0.487,0.337,0.764,89.4,2.35,17.4,47.2,32.0,79.9,41.2,36.1,50.2
1988,Telangana,-1.3,-0.002,0.084,0.375,92.2,2.38,8.7,48.7,31.0,84.5,40.2,35.4,26.6
1989,Telangana,-0.3,0.007,0.121,0.561,93.7,2.41,9.7,50.1,30.1,86.3,40.9,37.0,28.7
1990,Telangana,0.3,-0.357,0.204,0.555,93.0,2.37,9.1,47.5,31.5,82.5,40.7,36.9,33.3
1991,Telangana,0.8,-0.32,0.255,0.726,94.9,2.38,13.7,50.1,31.3,81.5,41.4,37.7,40.1
1992,Telangana,0.0,-0.076,0.21,0.539,94.9,2.43,10.5,49.6,30.7,85.6,41.5,35.6,28.8
1993,Telangana,0.2,-0.125,0.139,0.565,94.0,2.44,10.4,49.7,31.0,85.4,41.5,35.5,30.7
1994,Telangana,0.4,-0.198,0.275,0.566,93.1,2.4,11.5,49.8,31.1,83.9,41.9,35.9,34.1
1995,Telangana,-0.6,0.091,0.105,0.461,94.8,2.4,9.3,51.5,30.2,82.6,39.4,35.6,28.0
1996,Telangana,-0.3,-0.121,0.163,0.564,95.4,2.42,9.4,50.1,30.5,84.9,38.6,36.5,29.3
1997,Telangana,1.9,-0.709,0.387,0.796,88.5,2.26,19.2,50.3,32.4,79.5,43.9,37.1,54.5
1998,Telangana,-0.9,0.078,0.146,0.483,94.6,2.39,9.7,48.4,30.4,85.0,37.4,34.8,28.4
1999,Telangana,-1.0,-0.018,0.004,0.393,92.1,2.34,8.6,53.2,30.0,85.5,41.8,36.2,25.6
2000,Telangana,-0.4,-0.056,0.128,0.523,94.0,2.42,8.6,52.6,30.7,84.7,40.6,34.6,25.9
2001,Telangana,-0.1,-0.061,0.208,0.472,95.3,2.39,10.1,51.0,31.2,86.8,40.5,36.6,28.1
2002,Telangana,0.8,-0.334,0.187,0.644,94.6,2.34,13.2,53.0,31.3,83.8,42.8,35.9,38.8
2003,Telangana,0.2,-0.126,0.222,0.563,97.1,2.37,11.2,51.7,30.9,83.7,39.9,35.9,32.0
2004,Telangana,0.5,-0.307,0.34,0.628,95.5,2.38,11.3,53.6,31.7,83.8,43.1,37.0,34.7
2005,Telangana,-0.1,-0.31,0.146,0.463,96.4,2.39,10.4,51.2,31.0,84.2,41.2,36.5,29.6
2006,Telangana,0.4,-0.267,0.195,0.599,92.8,2.38,13.0,52.0,30.9,83.5,40.4,36.8,33.2
2007,Telangana,-0.9,-0.028,0.077,0.464,94.9,2.36,9.3,54.1,30.4,85.4,42.3,35.1,27.9
2008,Telangana,-0.3,-0.124,0.13,0.51,93.4,2.4,11.1,53.0,31.2,85.8,41.5,35.6,28.2
2009,Telangana,0.7,-0.145,0.261,0.586,94.3,2.35,12.7,55.9,30.7,83.3,43.3,37.0,36.8
2010,Telangana,-1.3,0.096,0.04,0.493,93.8,2.37,10.4,53.0,30.5,84.0,42.4,35.2,27.6
2011,Telangana,-0.6,0.007,0.094,0.424,94.3,2.4,10.0,56.4,31.1,85.0,41.7,36.4,26.1
2012,Telangana,0.4,-0.246,0.194,0.534,95.4,2.32,11.8,55.0,31.1,85.3,42.8,36.1,29.4
2013,Telangana,-0.3,-0.13,0.188,0.539,96.0,2.39,9.2,56.6,30.3,85.7,38.6,35.5,30.0
2014,Telangana,0.2,-0.232,0.208,0.577,94.5,2.41,10.9,52.2,30.8,85.0,42.0,36.5,31.2
2015,Telangana,1.8,-0.609,0.377,0.839,88.3,2.31,18.6,59.2,32.8,79.5,42.2,38.3,52.4
2016,Telangana,-0.4,-0.038,0.127,0.398,94.8,2.37,9.1,55.5,29.7,84.8,41.2,36.3,26.4
2017,Telangana,-0.2,-0.014,0.252,0.47,95.8,2.4,11.7,58.0,29.5,85.9,40.9,36.0,26.5
2018,Telangana,0.4,-0.255,0.162,0.534,96.1,2.37,12.7,58.1,31.2,83.2,41.5,36.2,35.8
2019,Telangana,0.4,-0.264,0.136,0.54,94.7,2.4,12.3,52.7,31.0,84.2,41.0,35.9,31.6
2020,Telangana,-0.6,0.108,0.01,0.437,97.5,2.4,11.2,56.8,30.3,85.4,41.4,34.1,24.6
2021,Telangana,-0.6,0.069,0.083,0.467,96.6,2.37,8.9,57.6,29.7,85.6,41.4,36.0,26.0
2022,Telangana,-0.8,0.013,0.058,0.524,93.6,2.36,10.3,56.5,30.5,85.7,41.0,36.9,28.5
2023,Telangana,1.4,-0.322,0.361,0.641,90.4,2.38,16.3,59.3,32.8,81.4,41.6,37.2,46.4
2024,Telangana,0.1,-0.111,0.361,0.641,90.4,2.38,16.3,59.3,32.8,81.4,41.6,37.2,46.4
2025,Telangana,-0.1,0.1,0.361,0.641,90.4,2.38,16.3,59.3,32.8,81.4,41.6,37.2,46.4
2026,Telangana,1.8,0.1,0.361,0.641,90.4,2.38,16.3,59.3,32.8,81.4,41.6,37.2,46.4
1981,Uttar Pradesh,-0.2,-0.074,-0.069,0.455,95.1,2.47,12.6,50.5,33.4,84.8,41.3,38.8,26.7
1982,Uttar Pradesh,1.3,-0.49,0.132,0.727,89.4,2.4,17.9,52.8,33.9,78.5,45.5,40.0,48.4
1983,Uttar Pradesh,-0.2,-0.06,-0.152,0.431,95.5,2.42,10.1,51.4,33.0,82.7,44.4,38.9,28.6
1984,Uttar Pradesh,-0.4,-0.07,-0.004,0.469,97.4,2.44,10.6,54.0,32.6,83.1,43.1,39.1,30.5
1985,Uttar Pradesh,-0.3,0.054,-0.091,0.509,97.2,2.4,11.9,54.4,32.9,82.3,41.3,38.8,28.7
1986,Uttar Pradesh,0.6,-0.261,-0.012,0.586,91.8,2.42,13.8,50.9,33.2,81.4,42.2,38.5,38.9
1987,Uttar Pradesh,1.4,-0.404,0.061,0.782,91.2,2.43,17.2,52.1,35.4,77.3,44.6,40.0,49.5
1988,Uttar Pradesh,-1.3,0.216,-0.202,0.37,94.1,2.45,12.8,51.3,33.3,83.9,44.5,39.2,27.3
1989,Uttar Pradesh,-0.3,0.003,-0.071,0.447,95.5,2.45,11.3,52.9,32.4,82.1,40.1,39.7,26.7
1990,Uttar Pradesh,0.3,-0.205,0.003,0.549,95.2,2.46,10.9,54.2,33.7,83.5,42.1,40.3,34.0
1991,Uttar Pradesh,0.8,-0.313,-0.072,0.691,91.8,2.38,12.1,56.0,33.6,81.0,44.8,39.8,42.3
1992,Uttar Pradesh,0.0,-0.128,-0.066,0.508,97.4,2.45,12.1,55.3,33.9,84.1,43.0,39.2,27.4
1993,Uttar Pradesh,0.2,-0.222,0.024,0.572,95.7,2.39,14.3,54.3,32.9,79.8,41.7,40.3,35.1
1994,Uttar Pradesh,0.4,-0.286,0.032,0.554,95.7,2.36,12.5,53.3,31.6,82.2,44.9,39.6,36.7
1995,Uttar Pradesh,-0.6,-0.043,-0.072,0.474,97.7,2.43,11.6,55.0,33.6,85.0,42.9,39.6,27.4
1996,Uttar Pradesh,-0.3,-0.012,-0.076,0.462,95.0,2.42,9.7,55.7,32.4,82.2,41.1,39.5,28.3
1997,Uttar Pradesh,1.9,-0.603,0.173,0.918,86.5,2.35,19.2,55.1,35.4,76.6,45.1,40.3,58.2
1998,Uttar Pradesh,-0.9,0.085,-0.095,0.431,94.9,2.45,11.7,58.5,33.0,83.3,44.5,38.5,27.1
1999,Uttar Pradesh,-1.0,-0.062,-0.201,0.397,96.4,2.45,11.3,57.4,32.4,85.3,43.2,39.2,27.1
2000,Uttar Pradesh,-0.4,-0.014,-0.015,0.472,94.9,2.43,9.9,55.6,33.3,83.2,41.7,38.6,26.0
2001,Uttar Pradesh,-0.1,-0.013,-0.012,0.408,98.4,2.47,9.8,56.2,31.7,84.9,44.1,38.7,26.6
2002,Uttar Pradesh,0.8,-0.437,-0.01,0.623,92.3,2.44,13.8,55.8,33.4,79.2,43.2,39.9,38.4
2003,Uttar Pradesh,0.2,-0.061,-0.053,0.577,96.1,2.45,12.3,56.8,33.8,82.7,45.3,38.6,31.7
2004,Uttar Pradesh,0.5,-0.323,-0.016,0.494,98.7,2.42,12.2,56.5,33.5,84.2,44.1,39.7,31.7
2005,Uttar Pradesh,-0.1,-0.124,0.017,0.435,97.6,2.44,12.1,59.5,32.4,83.4,42.1,39.0,27.1
2006,Uttar Pradesh,0.4,-0.389,0.054,0.552,94.4,2.42,14.5,57.7,33.6,83.5,42.8,38.6,35.6
2007,Uttar Pradesh,-0.9,0.004,-0.184,0.524,97.3,2.48,11.6,58.0,31.9,83.7,41.1,37.9,29.7
2008,Uttar Pradesh,-0.3,-0.048,-0.072,0.486,95.2,2.44,10.6,56.3,33.2,83.0,43.0,39.4,28.5
2009,Uttar Pradesh,0.7,-0.21,-0.017,0.59,89.7,2.46,12.6,60.4,34.9,81.0,45.2,39.6,37.1
2010,Uttar Pradesh,-1.3,0.05,-0.101,0.5,94.2,2.37,11.7,59.3,32.9,84.0,43.4,39.2,25.7
2011,Uttar Pradesh,-0.6,0.083,-0.064,0.481,96.5,2.38,8.5,59.5,33.8,84.3,41.4,38.4,28.4
2012,Uttar Pradesh,0.4,-0.202,0.039,0.616,96.4,2.38,11.7,56.4,34.0,82.6,44.3,39.5,35.2
2013,Uttar Pradesh,-0.3,-0.095,0.007,0.567,95.0,2.44,11.9,60.6,32.8,84.3,43.4,39.1,30.4
2014,Uttar Pradesh,0.2,-0.126,0.057,0.536,95.2,2.45,9.7,57.5,33.0,82.2,44.0,38.2,33.3
2015,Uttar Pradesh,1.8,-0.475,0.203,0.801,87.0,2.32,19.2,58.4,34.7,77.8,43.7,41.2,55.7
2016,Uttar Pradesh,-0.4,-0.04,-0.071,0.477,94.9,2.39,10.5,59.2,33.2,83.7,44.5,38.7,27.3
2017,Uttar Pradesh,-0.2,-0.126,-0.012,0.566,95.7,2.45,11.6,57.5,33.6,84.8,43.9,39.1,27.2
2018,Uttar Pradesh,0.4,-0.27,-0.011,0.526,95.5,2.43,12.5,58.4,34.2,82.7,43.3,39.6,36.7
2019,Uttar Pradesh,0.4,-0.207,-0.019,0.594,92.9,2.4,13.4,58.4,33.8,82.2,43.9,39.4,33.3
2020,Uttar Pradesh,-0.6,-0.081,-0.079,0.424,95.0,2.48,11.4,61.5,32.9,84.6,42.1,38.4,27.2
2021,Uttar Pradesh,-0.6,0.118,-0.129,0.406,93.5,2.38,12.0,60.4,32.9,84.5,44.0,39.2,27.1
2022,Uttar Pradesh,-0.8,-0.025,-0.137,0.368,95.9,2.39,11.6,59.3,33.4,84.2,42.6,38.8,26.5
2023,Uttar Pradesh,1.4,-0.463,0.102,0.74,89.1,2.42,17.9,62.4,35.1,79.4,44.0,40.7,48.5
2024,Uttar Pradesh,0.1,-0.332,0.102,0.74,89.1,2.42,17.9,62.4,35.1,79.4,44.0,40.7,48.5
2025,Uttar Pradesh,-0.1,-0.2,0.102,0.74,89.1,2.42,17.9,62.4,35.1,79.4,44.0,40.7,48.5
2026,Uttar Pradesh,1.8,-0.2,0.102,0.74,89.1,2.42,17.9,62.4,35.1,79.4,44.0,40.7,48.5
1981,Uttarakhand,-0.2,-0.083,-0.011,0.466,100.9,2.47,8.0,51.8,28.2,82.0,41.8,34.1,26.9
1982,Uttarakhand,1.3,-0.442,0.221,0.699,92.0,2.41,12.8,54.6,30.8,78.7,41.1,37.8,47.0
1983,Uttarakhand,-0.2,-0.06,0.106,0.428,97.1,2.51,7.8,55.1,28.9,83.4,38.3,36.1,23.7
1984,Uttarakhand,-0.4,-0.062,-0.024,0.448,93.9,2.5,9.1,55.2,28.3,86.3,37.9,36.1,24.3
1985,Uttarakhand,-0.3,-0.109,-0.003,0.437,97.1,2.51,8.5,56.5,28.6,84.7,38.2,36.4,25.4
1986,Uttarakhand,0.6,-0.224,0.191,0.518,94.7,2.47,12.0,53.9,29.3,80.2,41.3,35.6,34.7
1987,Uttarakhand,1.4,-0.387,0.262,0.774,90.9,2.41,14.6,54.4,29.8,80.9,42.1,37.4,46.6
1988,Uttarakhand,-1.3,0.157,-0.099,0.41,97.5,2.49,8.9,54.0,28.9,81.8,38.9,36.4,27.4
1989,Uttarakhand,-0.3,-0.218,0.111,0.448,99.5,2.48,7.0,54.4,28.3,82.6,38.4,35.0,26.3
1990,Uttarakhand,0.3,-0.265,0.106,0.498,97.1,2.49,10.9,55.6,28.7,84.4,37.6,35.6,29.4
1991,Uttarakhand,0.8,-0.326,0.166,0.644,95.6,2.49,12.1,57.8,29.1,81.6,42.0,36.3,35.9
1992,Uttarakhand,0.0,-0.235,0.083,0.343,97.3,2.51,9.4,56.3,29.1,82.6,37.9,34.9,25.5
1993,Uttarakhand,0.2,-0.296,0.131,0.457,98.2,2.53,9.8,55.5,28.8,84.2,38.3,35.6,26.9
1994,Uttarakhand,0.4,-0.34,0.103,0.595,96.0,2.48,11.1,57.3,29.9,81.2,38.7,35.8,35.8
1995,Uttarakhand,-0.6,0.037,0.036,0.381,93.9,2.49,7.1,56.0,27.6,85.0,39.0,35.3,22.2
1996,Uttarakhand,-0.3,-0.123,-0.056,0.47,96.3,2.48,7.6,54.1,28.8,83.4,37.8,35.1,25.4
1997,Uttarakhand,1.9,-0.584,0.183,0.837,86.0,2.44,18.8,58.7,31.2,78.9,40.1,36.1,56.6
1998,Uttarakhand,-0.9,0.207,-0.068,0.406,97.5,2.45,8.9,55.5,28.3,84.4,38.3,35.8,27.9
1999,Uttarakhand,-1.0,0.055,0.03,0.459,96.5,2.46,9.3,57.9,28.0,84.3,40.2,35.0,28.1
2000,Uttarakhand,-0.4,-0.002,-0.047,0.486,98.1,2.52,7.4,57.5,28.8,83.1,39.0,35.7,25.0
2001,Uttarakhand,-0.1,-0.003,0.025,0.368,95.7,2.43,8.1,58.3,28.0,85.9,39.3,34.5,24.7
2002,Uttarakhand,0.8,-0.314,0.158,0.657,96.4,2.4,13.0,58.2,30.5,82.5,39.1,36.8,39.3
2003,Uttarakhand,0.2,-0.26,0.105,0.558,98.0,2.48,10.5,58.7,28.6,84.3,38.9,35.1,30.2
2004,Uttarakhand,0.5,-0.384,0.102,0.517,92.8,2.45,10.9,58.7,28.4,83.0,41.1,36.1,31.6
2005,Uttarakhand,-0.1,-0.035,0.075,0.455,96.2,2.49,7.0,60.1,30.0,86.8,37.7,36.9,26.3
2006,Uttarakhand,0.4,-0.311,0.16,0.525,96.0,2.47,9.9,55.6,28.8,83.1,37.9,35.9,32.9
2007,Uttarakhand,-0.9,0.037,-0.019,0.406,98.9,2.48,9.0,58.1,27.4,85.1,38.1,35.8,25.0
2008,Uttarakhand,-0.3,0.011,-0.06,0.501,98.7,2.48,9.2,61.0,29.4,85.5,41.1,35.8,27.4
2009,Uttarakhand,0.7,-0.321,0.109,0.572,94.1,2.48,11.8,59.4,29.1,82.1,40.2,35.1,34.7
2010,Uttarakhand,-1.3,0.146,-0.04,0.437,95.6,2.46,9.6,62.9,29.0,86.4,39.2,35.6,26.9
2011,Uttarakhand,-0.6,0.006,0.028,0.422,93.8,2.46,9.4,58.9,28.9,85.7,38.9,36.4,27.7
2012,Uttarakhand,0.4,-0.194,0.147,0.519,95.3,2.47,8.9,62.7,28.8,82.1,41.0,35.6,30.2
2013,Uttarakhand,-0.3,-0.031,-0.006,0.461,96.8,2.47,9.5,61.7,29.3,84.0,41.0,36.4,24.2
2014,Uttarakhand,0.2,-0.191,0.176,0.51,96.7,2.49,10.0,60.7,27.6,83.1,37.8,35.5,27.0
2015,Uttarakhand,1.8,-0.662,0.193,0.786,90.2,2.37,16.7,62.4,29.9,78.5,40.2,38.0,52.0
2016,Uttarakhand,-0.4,-0.041,0.113,0.461,94.6,2.48,8.3,62.0,29.0,85.2,38.7,36.3,27.2
2017,Uttarakhand,-0.2,-0.106,0.118,0.486,97.5,2.45,9.0,62.7,28.3,84.5,38.5,36.3,26.3
2018,Uttarakhand,0.4,-0.215,0.07,0.538,94.9,2.47,8.6,61.8,29.0,83.1,41.1,35.8,30.0
2019,Uttarakhand,0.4,-0.345,0.111,0.548,95.7,2.46,11.3,59.3,29.1,82.6,40.0,35.5,32.1
2020,Uttarakhand,-0.6,-0.021,0.046,0.485,98.4,2.51,10.5,61.9,28.8,83.9,38.7,35.1,26.9
2021,Uttarakhand,-0.6,-0.064,0.084,0.453,95.1,2.45,7.7,65.4,29.6,85.3,40.8,36.1,26.9
2022,Uttarakhand,-0.8,0.177,0.058,0.403,96.4,2.47,9.8,61.7,28.3,83.2,40.1,36.0,23.8
2023,Uttarakhand,1.4,-0.517,0.164,0.636,89.2,2.44,13.9,62.2,29.3,79.5,38.6,37.5,43.7
2024,Uttarakhand,0.1,-0.124,0.164,0.636,89.2,2.44,13.9,62.2,29.3,79.5,38.6,37.5,43.7
2025,Uttarakhand,-0.1,0.27,0.164,0.636,89.2,2.44,13.9,62.2,29.3,79.5,38.6,37.5,43.7
2026,Uttarakhand,1.8,0.27,0.164,0.636,89.2,2.44,13.9,62.2,29.3,79.5,38.6,37.5,43.7
1981,West Bengal,-0.2,-0.133,0.06,0.399,97.8,2.47,10.7,48.6,30.4,82.2,44.8,36.5,27.6
1982,West Bengal,1.3,-0.52,0.233,0.769,89.4,2.41,15.7,48.4,32.8,78.3,44.3,39.1,47.9
1983,West Bengal,-0.2,-0.036,0.097,0.471,96.1,2.42,9.7,47.3,31.9,81.8,43.9,36.6,27.2
1984,West Bengal,-0.4,-0.185,0.01,0.46,95.8,2.47,11.1,50.5,31.6,82.2,44.1,37.0,26.8
1985,West Bengal,-0.3,-0.073,0.06,0.406,95.3,2.48,11.5,49.9,31.1,82.5,43.7,37.7,26.8
1986,West Bengal,0.6,-0.419,0.089,0.59,95.0,2.4,12.9,48.7,31.9,80.1,44.8,38.6,38.2
1987,West Bengal,1.4,-0.449,0.254,0.788,90.8,2.41,18.0,48.9,32.4,76.3,44.5,39.3,50.5
1988,West Bengal,-1.3,0.057,-0.066,0.451,92.8,2.48,11.8,51.7,30.9,84.9,44.4,37.0,27.5
1989,West Bengal,-0.3,-0.243,-0.012,0.459,95.0,2.44,9.9,48.7,30.9,82.7,43.7,38.6,27.0
1990,West Bengal,0.3,-0.295,0.091,0.579,92.2,2.46,11.1,53.1,32.1,83.3,44.3,37.0,34.1
1991,West Bengal,0.8,-0.38,0.104,0.554,90.8,2.42,13.3,48.7,32.2,80.7,42.2,37.9,37.3
1992,West Bengal,0.0,-0.252,0.068,0.442,93.5,2.45,10.6,49.6,31.6,83.3,43.8,37.9,29.4
1993,West Bengal,0.2,-0.203,0.167,0.466,96.6,2.41,10.1,49.1,31.1,84.7,40.9,38.1,30.8
1994,West Bengal,0.4,-0.316,0.144,0.516,97.4,2.43,10.8,52.5,30.9,82.6,45.0,37.5,32.6
1995,West Bengal,-0.6,-0.149,-0.043,0.433,97.4,2.48,11.1,51.3,30.6,83.9,44.8,37.0,26.0
1996,West Bengal,-0.3,-0.025,0.058,0.428,96.9,2.44,10.7,53.3,30.5,82.6,42.7,38.0,28.0
1997,West Bengal,1.9,-0.455,0.341,0.802,87.6,2.38,18.3,51.3,33.5,75.3,48.3,40.0,57.1
1998,West Bengal,-0.9,-0.08,-0.007,0.482,96.6,2.44,9.9,55.2,30.6,83.5,41.9,37.7,26.7
1999,West Bengal,-1.0,0.027,-0.014,0.414,94.5,2.44,8.9,54.5,31.7,83.5,42.6,37.4,26.7
2000,West Bengal,-0.4,-0.067,-0.022,0.506,94.6,2.48,9.1,52.4,31.0,81.9,43.0,38.2,29.1
2001,West Bengal,-0.1,-0.275,0.083,0.535,94.0,2.44,10.0,55.4,30.8,83.7,42.4,36.9,31.5
2002,West Bengal,0.8,-0.392,0.093,0.64,93.7,2.43,13.1,52.0,32.5,81.8,44.3,38.6,40.1
2003,West Bengal,0.2,-0.329,0.113,0.486,95.0,2.46,10.2,53.1,31.8,82.9,43.6,38.2,27.5
2004,West Bengal,0.5,-0.289,0.17,0.553,93.8,2.45,13.9,55.8,31.5,82.6,43.3,38.7,35.8
2005,West Bengal,-0.1,-0.15,0.106,0.46,95.6,2.46,10.2,52.6,30.7,83.3,42.3,36.3,26.4
2006,West Bengal,0.4,-0.265,0.125,0.578,94.7,2.46,12.2,55.3,32.7,82.6,44.3,38.4,34.3
2007,West Bengal,-0.9,0.065,0.029,0.463,95.0,2.46,10.5,55.8,31.5,82.6,45.7,36.4,26.4
2008,West Bengal,-0.3,-0.141,0.068,0.394,99.4,2.46,10.4,54.2,29.2,84.7,45.8,37.2,26.3
2009,West Bengal,0.7,-0.362,0.167,0.579,92.9,2.43,14.3,55.4,31.3,82.3,44.6,37.4,36.0
2010,West Bengal,-1.3,0.233,-0.024,0.432,94.8,2.44,10.2,53.1,31.8,83.1,41.7,36.8,26.6
2011,West Bengal,-0.6,0.051,-0.005,0.458,92.6,2.49,10.9,55.7,31.0,83.3,43.7,37.4,26.9
2012,West Bengal,0.4,-0.238,0.088,0.559,90.8,2.46,11.9,55.5,31.4,81.7,43.7,38.4,31.4
2013,West Bengal,-0.3,-0.164,0.086,0.43,95.6,2.45,10.9,56.8,30.7,82.4,45.0,36.9,26.9
2014,West Bengal,0.2,-0.29,0.083,0.511,95.5,2.43,10.1,58.3,31.6,84.5,43.7,37.8,30.9
2015,West Bengal,1.8,-0.672,0.277,0.795,87.2,2.38,17.3,55.0,33.1,77.2,46.6,39.9,57.4
2016,West Bengal,-0.4,-0.022,0.067,0.38,97.3,2.43,9.6,59.8,32.7,85.3,44.2,36.6,25.5
2017,West Bengal,-0.2,-0.24,0.054,0.517,97.5,2.41,10.5,58.2,32.1,85.2,41.7,37.7,28.3
2018,West Bengal,0.4,-0.228,0.174,0.506,94.3,2.45,14.6,59.0,32.0,83.4,45.6,38.3,32.3
2019,West Bengal,0.4,-0.138,0.194,0.508,97.5,2.42,11.6,56.1,31.8,81.7,45.3,37.7,31.2
2020,West Bengal,-0.6,-0.141,0.09,0.422,94.7,2.43,12.0,59.0,31.6,84.4,45.6,38.4,27.2
2021,West Bengal,-0.6,-0.022,0.064,0.446,95.6,2.48,11.5,57.0,31.6,83.8,43.7,38.4,27.5
2022,West Bengal,-0.8,-0.058,-0.038,0.383,94.2,2.46,10.9,58.5,31.6,84.1,43.0,37.2,26.8
2023,West Bengal,1.4,-0.431,0.251,0.732,90.3,2.39,16.2,56.8,33.3,78.2,44.9,38.9,47.5
2024,West Bengal,0.1,-0.316,0.251,0.732,90.3,2.39,16.2,56.8,33.3,78.2,44.9,38.9,47.5
2025,West Bengal,-0.1,-0.2,0.251,0.732,90.3,2.39,16.2,56.8,33.3,78.2,44.9,38.9,47.5
2026,West Bengal,1.8,-0.2,0.251,0.732,90.3,2.39,16.2,56.8,33.3,78.2,44.9,38.9,47.5
1981,Arunachal Pradesh,-0.2,-0.245,0.055,0.388,96.8,2.42,7.4,53.8,31.4,83.7,42.7,37.5,24.5
1982,Arunachal Pradesh,1.3,-0.466,0.245,0.646,93.8,2.35,14.0,51.0,32.8,80.0,47.0,40.5,46.6
1983,Arunachal Pradesh,-0.2,-0.105,0.091,0.356,96.6,2.38,9.0,54.7,31.4,84.8,41.9,37.3,26.1
1984,Arunachal Pradesh,-0.4,0.046,0.009,0.505,98.0,2.4,10.8,54.5,31.0,84.6,42.4,37.1,30.8
1985,Arunachal Pradesh,-0.3,0.124,0.084,0.375,97.6,2.41,8.9,56.8,31.1,85.3,42.8,36.8,24.8
1986,Arunachal Pradesh,0.6,-0.173,0.132,0.446,94.9,2.38,11.2,53.6,32.3,81.7,42.8,38.6,33.4
1987,Arunachal Pradesh,1.4,-0.617,0.174,0.673,91.5,2.32,14.1,54.2,32.0,79.0,44.8,38.7,47.3
1988,Arunachal Pradesh,-1.3,0.164,-0.078,0.303,95.2,2.4,5.6,55.8,30.5,85.6,43.7,37.1,23.2
1989,Arunachal Pradesh,-0.3,-0.061,0.103,0.329,97.2,2.39,7.9,55.1,30.1,85.1,45.4,36.6,24.2
1990,Arunachal Pradesh,0.3,-0.184,0.056,0.417,95.9,2.39,9.3,55.5,29.9,84.5,44.6,36.8,29.6
1991,Arunachal Pradesh,0.8,-0.261,0.19,0.577,92.9,2.34,10.5,54.2,33.2,82.0,44.8,38.3,39.1
1992,Arunachal Pradesh,0.0,-0.141,0.016,0.391,96.4,2.39,8.7,53.1,32.3,83.4,44.8,36.7,26.8
1993,Arunachal Pradesh,0.2,-0.187,0.166,0.436,97.3,2.45,10.0,55.0,31.2,84.5,44.5,37.7,26.6
1994,Arunachal Pradesh,0.4,-0.205,0.099,0.505,96.1,2.44,10.1,59.0,30.5,81.9,44.3,38.4,31.5
1995,Arunachal Pradesh,-0.6,0.008,-0.062,0.408,99.1,2.39,8.9,55.0,33.1,83.9,42.7,37.5,25.1
1996,Arunachal Pradesh,-0.3,-0.233,0.081,0.386,98.1,2.41,6.4,57.6,30.4,85.3,43.2,37.3,24.3
1997,Arunachal Pradesh,1.9,-0.542,0.232,0.79,86.7,2.31,17.2,56.8,33.1,79.1,47.6,39.2,52.1
1998,Arunachal Pradesh,-0.9,-0.128,-0.003,0.349,96.4,2.41,8.7,56.6,31.8,86.4,44.0,37.1,23.9
1999,Arunachal Pradesh,-1.0,0.079,-0.048,0.389,94.1,2.39,9.3,59.6,31.1,84.6,42.2,36.0,25.7
2000,Arunachal Pradesh,-0.4,0.001,0.019,0.429,94.4,2.42,6.3,59.3,31.3,83.8,44.9,37.3,26.1
2001,Arunachal Pradesh,-0.1,-0.005,0.102,0.35,96.1,2.48,9.6,58.4,30.1,84.8,43.5,37.5,25.3
2002,Arunachal Pradesh,0.8,-0.273,0.114,0.582,95.2,2.36,10.8,56.4,32.7,82.9,42.7,38.0,36.9
2003,Arunachal Pradesh,0.2,-0.116,0.098,0.513,97.0,2.44,9.2,57.2,30.5,86.7,44.3,38.4,27.5
2004,Arunachal Pradesh,0.5,-0.234,0.149,0.483,95.2,2.43,12.1,58.8,31.9,83.1,47.2,37.3,35.7
2005,Arunachal Pradesh,-0.1,-0.178,-0.031,0.448,96.4,2.42,8.4,58.1,30.9,84.3,45.0,36.9,24.2
2006,Arunachal Pradesh,0.4,-0.221,0.095,0.462,95.0,2.43,9.7,60.6,32.3,82.7,43.0,36.6,29.7
2007,Arunachal Pradesh,-0.9,0.093,0.029,0.393,94.7,2.37,6.8,60.6,31.8,85.7,45.7,37.0,23.0
2008,Arunachal Pradesh,-0.3,-0.044,0.094,0.432,96.8,2.41,6.5,59.5,31.3,84.6,43.9,37.0,24.0
2009,Arunachal Pradesh,0.7,-0.267,0.208,0.47,94.5,2.34,11.8,61.5,32.4,83.2,45.7,37.9,34.9
2010,Arunachal Pradesh,-1.3,0.164,-0.139,0.396,95.8,2.43,8.3,63.0,30.8,85.8,43.2,36.7,25.8
2011,Arunachal Pradesh,-0.6,0.031,0.037,0.415,92.7,2.4,8.9,62.9,30.9,85.7,42.3,37.5,26.3
2012,Arunachal Pradesh,0.4,-0.152,0.108,0.397,95.6,2.42,8.3,60.9,31.2,83.2,43.4,37.1,30.8
2013,Arunachal Pradesh,-0.3,-0.116,-0.021,0.284,97.8,2.43,6.6,61.1,30.7,84.6,43.8,38.0,25.8
2014,Arunachal Pradesh,0.2,-0.284,0.202,0.512,97.4,2.37,8.7,61.2,32.6,85.0,43.5,36.8,28.5
2015,Arunachal Pradesh,1.8,-0.551,0.298,0.791,90.0,2.35,15.4,62.0,33.6,80.7,47.6,39.5,51.5
2016,Arunachal Pradesh,-0.4,0.084,0.071,0.413,96.6,2.41,7.6,64.1,31.8,85.4,44.5,37.4,23.7
2017,Arunachal Pradesh,-0.2,-0.122,0.025,0.409,98.8,2.39,6.1,60.5,31.3,85.1,43.2,37.9,23.6
2018,Arunachal Pradesh,0.4,-0.087,0.245,0.417,95.3,2.37,10.9,61.0,32.4,83.4,45.6,37.9,30.4
2019,Arunachal Pradesh,0.4,-0.341,0.116,0.483,94.8,2.36,8.2,59.9,30.5,83.8,45.4,36.3,30.9
2020,Arunachal Pradesh,-0.6,0.063,0.024,0.372,98.1,2.39,9.2,61.2,31.0,84.7,43.7,36.8,23.1
2021,Arunachal Pradesh,-0.6,-0.033,-0.035,0.425,97.7,2.4,8.3,64.5,31.4,86.3,43.3,37.3,23.8
2022,Arunachal Pradesh,-0.8,0.063,0.103,0.417,97.0,2.42,9.3,64.9,30.6,84.9,45.1,37.5,23.6
2023,Arunachal Pradesh,1.4,-0.512,0.254,0.688,89.5,2.34,14.1,61.8,31.4,81.1,46.6,38.0,45.9
2024,Arunachal Pradesh,0.1,-0.357,0.254,0.688,89.5,2.34,14.1,61.8,31.4,81.1,46.6,38.1,45.9
2025,Arunachal Pradesh,-0.1,-0.203,0.255,0.689,89.5,2.34,14.1,61.8,31.4,81.1,46.6,38.1,45.9
2026,Arunachal Pradesh,1.8,-0.202,0.255,0.689,89.5,2.34,14.1,61.8,31.4,81.1,46.6,38.1,45.9
1981,Delhi,-0.2,-0.187,0.012,0.429,97.6,2.46,7.9,51.3,28.2,85.5,39.7,33.7,26.7
1982,Delhi,1.3,-0.42,0.124,0.609,92.3,2.38,13.9,48.7,30.1,80.1,38.7,36.0,46.5
1983,Delhi,-0.2,0.076,0.044,0.431,95.2,2.43,9.4,47.8,29.2,83.7,39.8,34.9,26.4
1984,Delhi,-0.4,0.075,0.067,0.39,97.3,2.41,9.5,53.7,28.1,86.8,39.3,33.3,26.3
1985,Delhi,-0.3,-0.03,-0.013,0.436,96.6,2.47,9.0,50.2,28.4,84.7,39.6,33.5,27.6
1986,Delhi,0.6,-0.159,0.153,0.554,94.2,2.43,12.1,52.0,28.7,85.2,38.2,35.3,34.1
1987,Delhi,1.4,-0.352,0.145,0.652,93.3,2.36,15.0,47.9,30.0,81.1,37.6,36.1,43.9
1988,Delhi,-1.3,0.238,-0.058,0.436,94.4,2.5,8.8,48.9,27.7,84.2,40.0,35.1,27.7
1989,Delhi,-0.3,-0.003,-0.058,0.418,98.6,2.48,9.3,52.5,29.0,86.0,39.2,33.7,25.3
1990,Delhi,0.3,-0.248,0.094,0.504,96.0,2.45,10.4,51.4,29.2,84.3,39.9,34.2,32.8
1991,Delhi,0.8,-0.281,0.167,0.502,98.8,2.45,10.7,53.0,29.4,80.8,41.0,35.3,32.6
1992,Delhi,0.0,-0.075,0.053,0.479,97.7,2.47,6.2,54.6,28.4,85.1,38.7,33.8,26.7
1993,Delhi,0.2,-0.228,0.095,0.468,95.5,2.44,8.6,50.4,27.8,83.7,36.9,34.8,31.3
1994,Delhi,0.4,-0.094,0.117,0.541,95.6,2.44,10.9,53.6,29.4,85.7,39.2,35.6,35.4
1995,Delhi,-0.6,-0.007,0.011,0.396,96.1,2.41,9.7,51.8,28.5,83.6,38.1,34.4,27.7
1996,Delhi,-0.3,-0.045,0.048,0.404,98.1,2.49,8.4,53.7,29.4,87.9,38.3,35.5,24.2
1997,Delhi,1.9,-0.635,0.228,0.754,88.6,2.4,16.9,52.9,29.9,81.0,42.0,37.6,54.5
1998,Delhi,-0.9,0.139,-0.055,0.451,94.6,2.44,9.6,55.7,28.5,84.3,40.5,33.2,27.5
1999,Delhi,-1.0,-0.03,-0.027,0.401,95.0,2.41,9.2,54.9,28.0,84.5,36.9,34.5,24.6
2000,Delhi,-0.4,0.072,0.001,0.372,97.7,2.46,8.0,53.5,27.9,85.3,37.8,33.8,25.1
2001,Delhi,-0.1,-0.223,0.172,0.534,97.4,2.4,9.8,53.4,27.6,85.2,40.8,34.0,27.4
2002,Delhi,0.8,-0.162,0.224,0.546,95.3,2.44,10.8,53.2,27.7,81.6,39.0,35.5,36.8
2003,Delhi,0.2,-0.132,0.155,0.509,99.0,2.46,10.5,56.4,29.1,86.2,39.9,34.5,29.6
2004,Delhi,0.5,-0.136,0.103,0.516,96.1,2.4,12.8,54.3,29.5,82.4,40.8,34.9,34.2
2005,Delhi,-0.1,0.063,0.031,0.464,96.3,2.45,6.4,52.9,27.7,86.8,38.8,34.1,27.0
2006,Delhi,0.4,-0.412,0.12,0.511,96.6,2.42,9.9,55.4,29.3,84.9,40.4,35.8,32.4
2007,Delhi,-0.9,0.113,-0.029,0.417,93.0,2.44,9.1,57.2,28.6,86.2,35.7,35.1,26.2
2008,Delhi,-0.3,0.028,0.048,0.385,97.2,2.44,10.5,58.1,28.1,85.2,39.5,35.6,25.3
2009,Delhi,0.7,-0.154,0.167,0.546,97.7,2.44,13.5,54.8,29.1,83.3,41.0,35.7,35.2
2010,Delhi,-1.3,0.02,-0.105,0.401,93.8,2.44,8.0,54.7,27.6,85.6,35.8,35.0,29.0
2011,Delhi,-0.6,-0.006,-0.018,0.388,97.2,2.41,9.6,56.6,28.2,86.8,37.8,33.6,24.0
2012,Delhi,0.4,-0.105,0.17,0.412,95.5,2.46,11.1,54.9,28.1,84.7,37.6,35.0,32.7
2013,Delhi,-0.3,-0.014,0.059,0.467,98.8,2.49,8.1,58.3,28.4,85.7,36.7,34.2,26.2
2014,Delhi,0.2,-0.224,0.053,0.479,96.0,2.42,9.4,57.9,28.8,84.6,37.3,34.2,30.2
2015,Delhi,1.8,-0.458,0.162,0.747,89.3,2.36,15.9,59.4,29.3,79.4,41.6,36.6,55.0
2016,Delhi,-0.4,0.124,-0.034,0.379,96.0,2.45,9.8,57.7,27.8,85.4,39.1,35.1,24.6
2017,Delhi,-0.2,0.005,0.026,0.455,97.2,2.5,9.5,57.2,28.6,86.6,38.0,33.9,27.2
2018,Delhi,0.4,-0.205,-0.063,0.505,96.2,2.44,9.0,62.3,28.0,84.7,40.5,34.7,31.5
2019,Delhi,0.4,-0.17,0.074,0.508,95.6,2.39,10.1,59.7,28.8,86.2,40.1,36.0,30.5
2020,Delhi,-0.6,0.215,0.008,0.377,93.2,2.47,9.3,58.2,28.3,87.2,35.7,35.2,25.1
2021,Delhi,-0.6,-0.008,-0.019,0.424,97.1,2.49,9.8,62.3,27.7,89.5,38.7,35.6,23.0
2022,Delhi,-0.8,0.016,-0.041,0.389,96.3,2.44,8.3,61.8,29.1,86.4,38.4,34.7,24.1
2023,Delhi,1.4,-0.444,0.306,0.711,88.6,2.34,14.0,60.7,29.9,81.6,39.6,34.8,46.2
2024,Delhi,0.1,-0.09,0.307,0.711,88.6,2.34,14.0,60.7,29.9,81.6,39.6,34.8,46.2
2025,Delhi,-0.1,0.265,0.307,0.712,88.6,2.34,14.0,60.7,29.9,81.6,39.6,34.8,46.2
2026,Delhi,1.8,0.266,0.308,0.712,88.6,2.34,14.0,60.7,29.9,81.6,39.6,34.8,46.2
1981,Himachal Pradesh,-0.2,-0.084,-0.012,0.464,100.5,2.46,8.0,51.6,28.2,81.7,41.6,34.1,26.8
1982,Himachal Pradesh,1.3,-0.443,0.22,0.698,91.6,2.4,12.8,54.4,30.8,78.4,40.9,37.8,46.8
1983,Himachal Pradesh,-0.2,-0.06,0.106,0.428,96.7,2.5,7.8,54.9,28.9,83.1,38.1,36.1,23.6
1984,Himachal Pradesh,-0.4,-0.062,-0.024,0.448,93.5,2.49,9.1,55.0,28.3,86.0,37.7,36.1,24.2
1985,Himachal Pradesh,-0.3,-0.108,-0.002,0.438,96.7,2.5,8.5,56.3,28.6,84.4,38.0,36.4,25.3
1986,Himachal Pradesh,0.6,-0.223,0.192,0.519,94.3,2.46,12.0,53.7,29.3,79.9,41.1,35.6,34.6
1987,Himachal Pradesh,1.4,-0.386,0.264,0.776,90.5,2.4,14.6,54.2,29.8,80.6,41.9,37.4,46.4
1988,Himachal Pradesh,-1.3,0.156,-0.1,0.408,97.1,2.48,8.9,53.8,28.9,81.5,38.7,36.4,27.3
1989,Himachal Pradesh,-0.3,-0.219,0.11,0.447,99.1,2.47,7.0,54.2,28.3,82.3,38.2,35.0,26.2
1990,Himachal Pradesh,0.3,-0.266,0.106,0.498,96.7,2.48,10.9,55.4,28.7,84.1,37.4,35.6,29.3
1991,Himachal Pradesh,0.8,-0.326,0.166,0.644,95.2,2.48,12.1,57.6,29.1,81.3,41.8,36.3,35.8
1992,Himachal Pradesh,0.0,-0.234,0.084,0.344,96.9,2.5,9.4,56.1,29.1,82.3,37.7,34.9,25.4
1993,Himachal Pradesh,0.2,-0.295,0.132,0.458,97.8,2.52,9.8,55.3,28.8,83.9,38.1,35.6,26.8
1994,Himachal Pradesh,0.4,-0.338,0.104,0.596,95.6,2.47,11.1,57.1,29.9,80.9,38.5,35.8,35.7
1995,Himachal Pradesh,-0.6,0.036,0.034,0.38,93.5,2.48,7.1,55.8,27.6,84.7,38.8,35.3,22.1
1996,Himachal Pradesh,-0.3,-0.124,-0.057,0.469,95.9,2.47,7.6,53.9,28.8,83.1,37.6,35.1,25.3
1997,Himachal Pradesh,1.9,-0.584,0.182,0.836,85.7,2.43,18.8,58.5,31.2,78.6,39.9,36.1,56.4
1998,Himachal Pradesh,-0.9,0.207,-0.068,0.406,97.1,2.44,8.9,55.3,28.3,84.1,38.1,35.8,27.8
1999,Himachal Pradesh,-1.0,0.056,0.03,0.46,96.1,2.45,9.3,57.7,28.0,84.0,40.0,35.0,28.0
2000,Himachal Pradesh,-0.4,-0.001,-0.046,0.487,97.7,2.51,7.4,57.3,28.8,82.8,38.8,35.7,24.9
2001,Himachal Pradesh,-0.1,-0.002,0.027,0.37,95.3,2.42,8.1,58.1,28.0,85.6,39.1,34.5,24.6
2002,Himachal Pradesh,0.8,-0.316,0.156,0.656,96.0,2.39,13.0,58.0,30.5,82.2,38.9,36.8,39.1
2003,Himachal Pradesh,0.2,-0.261,0.104,0.557,97.6,2.47,10.5,58.5,28.6,84.0,38.7,35.1,30.1
2004,Himachal Pradesh,0.5,-0.384,0.102,0.517,92.4,2.44,10.9,58.5,28.4,82.7,40.9,36.1,31.5
2005,Himachal Pradesh,-0.1,-0.035,0.075,0.455,95.8,2.48,7.0,59.9,30.0,86.5,37.5,36.9,26.2
2006,Himachal Pradesh,0.4,-0.31,0.16,0.526,95.6,2.46,9.9,55.4,28.8,82.8,37.7,35.9,32.8
2007,Himachal Pradesh,-0.9,0.038,-0.018,0.407,98.5,2.47,9.0,57.9,27.4,84.8,37.9,35.8,24.9
2008,Himachal Pradesh,-0.3,0.012,-0.058,0.502,98.3,2.47,9.2,60.8,29.4,85.2,40.9,35.8,27.3
2009,Himachal Pradesh,0.7,-0.322,0.108,0.57,93.7,2.47,11.8,59.2,29.1,81.8,40.0,35.1,34.6
2010,Himachal Pradesh,-1.3,0.145,-0.041,0.436,95.2,2.45,9.6,62.6,29.0,86.1,39.0,35.6,26.8
2011,Himachal Pradesh,-0.6,0.006,0.028,0.422,93.4,2.45,9.4,58.7,28.9,85.4,38.7,36.4,27.6
2012,Himachal Pradesh,0.4,-0.194,0.147,0.519,94.9,2.46,8.9,62.4,28.8,81.8,40.8,35.6,30.1
2013,Himachal Pradesh,-0.3,-0.03,-0.006,0.462,96.4,2.46,9.5,61.5,29.3,83.7,40.8,36.4,24.1
2014,Himachal Pradesh,0.2,-0.19,0.177,0.511,96.3,2.48,10.0,60.5,27.6,82.8,37.6,35.5,26.9
2015,Himachal Pradesh,1.8,-0.661,0.194,0.788,89.8,2.36,16.7,62.2,29.9,78.2,40.0,38.0,51.8
2016,Himachal Pradesh,-0.4,-0.042,0.112,0.46,94.2,2.47,8.3,61.8,29.0,84.9,38.5,36.3,27.1
2017,Himachal Pradesh,-0.2,-0.107,0.117,0.485,97.1,2.44,9.0,62.4,28.3,84.2,38.3,36.3,26.2
2018,Himachal Pradesh,0.4,-0.216,0.07,0.538,94.5,2.46,8.6,61.6,29.0,82.8,40.9,35.8,29.9
2019,Himachal Pradesh,0.4,-0.345,0.111,0.548,95.3,2.45,11.3,59.1,29.1,82.3,39.8,35.5,32.0
2020,Himachal Pradesh,-0.6,-0.02,0.046,0.486,98.0,2.5,10.5,61.7,28.8,83.6,38.5,35.1,26.8
2021,Himachal Pradesh,-0.6,-0.063,0.085,0.454,94.7,2.44,7.7,65.1,29.6,85.0,40.6,36.1,26.8
2022,Himachal Pradesh,-0.8,0.178,0.06,0.404,96.0,2.46,9.8,61.5,28.3,82.9,39.9,36.0,23.7
2023,Himachal Pradesh,1.4,-0.518,0.162,0.635,88.8,2.43,13.9,62.0,29.3,79.2,38.4,37.5,43.5
2024,Himachal Pradesh,0.1,-0.124,0.163,0.635,88.8,2.43,13.9,62.0,29.3,79.2,38.4,37.5,43.5
2025,Himachal Pradesh,-0.1,0.27,0.164,0.636,88.8,2.43,13.9,62.0,29.3,79.2,38.4,37.5,43.5
2026,Himachal Pradesh,1.8,0.27,0.164,0.636,88.8,2.43,13.9,62.0,29.3,79.2,38.4,37.5,43.5
1981,Jammu and Kashmir,-0.2,-0.084,-0.012,0.463,100.3,2.46,8.0,51.5,28.1,81.5,41.5,34.0,26.7
1982,Jammu and Kashmir,1.3,-0.441,0.219,0.695,91.4,2.4,12.7,54.3,30.7,78.2,40.9,37.6,46.7
1983,Jammu and Kashmir,-0.2,-0.06,0.105,0.426,96.5,2.49,7.8,54.8,28.8,82.9,38.1,36.0,23.6
1984,Jammu and Kashmir,-0.4,-0.062,-0.024,0.446,93.3,2.48,9.1,54.9,28.2,85.8,37.7,36.0,24.2
1985,Jammu and Kashmir,-0.3,-0.108,-0.002,0.436,96.5,2.49,8.5,56.2,28.5,84.2,38.0,36.3,25.2
1986,Jammu and Kashmir,0.6,-0.222,0.191,0.517,94.1,2.46,12.0,53.6,29.2,79.7,41.1,35.5,34.5
1987,Jammu and Kashmir,1.4,-0.384,0.262,0.772,90.4,2.4,14.5,54.1,29.7,80.4,41.8,37.3,46.3
1988,Jammu and Kashmir,-1.3,0.155,-0.1,0.407,96.9,2.48,8.9,53.7,28.8,81.3,38.7,36.3,27.2
1989,Jammu and Kashmir,-0.3,-0.218,0.11,0.445,98.9,2.47,7.0,54.1,28.2,82.1,38.2,34.9,26.1
1990,Jammu and Kashmir,0.3,-0.264,0.105,0.496,96.5,2.48,10.9,55.3,28.6,83.9,37.4,35.5,29.2
1991,Jammu and Kashmir,0.8,-0.325,0.165,0.641,95.0,2.48,12.1,57.5,29.0,81.1,41.7,36.2,35.7
1992,Jammu and Kashmir,0.0,-0.234,0.083,0.342,96.7,2.49,9.4,56.0,29.0,82.1,37.7,34.8,25.3
1993,Jammu and Kashmir,0.2,-0.294,0.131,0.456,97.6,2.51,9.8,55.2,28.7,83.7,38.1,35.5,26.7
1994,Jammu and Kashmir,0.4,-0.337,0.104,0.594,95.4,2.47,11.1,57.0,29.8,80.7,38.5,35.7,35.6
1995,Jammu and Kashmir,-0.6,0.035,0.034,0.378,93.3,2.48,7.1,55.7,27.5,84.5,38.8,35.2,22.1
1996,Jammu and Kashmir,-0.3,-0.124,-0.057,0.467,95.7,2.47,7.6,53.8,28.7,82.9,37.6,35.0,25.2
1997,Jammu and Kashmir,1.9,-0.582,0.182,0.833,85.5,2.43,18.7,58.3,31.1,78.4,39.9,36.0,56.3
1998,Jammu and Kashmir,-0.9,0.206,-0.068,0.404,96.9,2.44,8.9,55.2,28.2,83.9,38.1,35.7,27.7
1999,Jammu and Kashmir,-1.0,0.055,0.03,0.458,95.9,2.45,9.3,57.6,27.9,83.8,40.0,34.9,27.9
2000,Jammu and Kashmir,-0.4,-0.001,-0.046,0.485,97.5,2.5,7.4,57.2,28.7,82.6,38.8,35.6,24.8
2001,Jammu and Kashmir,-0.1,-0.001,0.026,0.368,95.1,2.42,8.1,58.0,27.9,85.4,39.1,34.4,24.6
2002,Jammu and Kashmir,0.8,-0.314,0.156,0.653,95.8,2.39,12.9,57.9,30.4,82.0,38.9,36.7,39.1
2003,Jammu and Kashmir,0.2,-0.26,0.104,0.555,97.4,2.47,10.5,58.3,28.5,83.8,38.7,35.0,30.0
2004,Jammu and Kashmir,0.5,-0.383,0.101,0.514,92.2,2.44,10.9,58.3,28.3,82.5,40.9,36.0,31.4
2005,Jammu and Kashmir,-0.1,-0.035,0.075,0.453,95.6,2.48,7.0,59.7,29.9,86.3,37.5,36.8,26.1
2006,Jammu and Kashmir,0.4,-0.309,0.16,0.523,95.4,2.46,9.9,55.3,28.7,82.6,37.7,35.8,32.7
2007,Jammu and Kashmir,-0.9,0.038,-0.018,0.405,98.3,2.47,9.0,57.8,27.3,84.6,37.9,35.7,24.8
2008,Jammu and Kashmir,-0.3,0.012,-0.058,0.5,98.1,2.47,9.2,60.6,29.3,85.0,40.9,35.7,27.2
2009,Jammu and Kashmir,0.7,-0.321,0.107,0.568,93.5,2.47,11.8,59.0,29.0,81.6,40.0,35.0,34.5
2010,Jammu and Kashmir,-1.3,0.144,-0.041,0.434,95.0,2.45,9.6,62.5,28.9,85.9,39.0,35.5,26.7
2011,Jammu and Kashmir,-0.6,0.005,0.027,0.42,93.2,2.45,9.4,58.5,28.8,85.2,38.7,36.3,27.5
2012,Jammu and Kashmir,0.4,-0.193,0.146,0.517,94.7,2.46,8.9,62.3,28.7,81.6,40.8,35.5,30.0
2013,Jammu and Kashmir,-0.3,-0.03,-0.005,0.46,96.2,2.46,9.5,61.3,29.2,83.5,40.8,36.3,24.1
2014,Jammu and Kashmir,0.2,-0.189,0.176,0.509,96.1,2.48,10.0,60.3,27.5,82.6,37.6,35.4,26.8
2015,Jammu and Kashmir,1.8,-0.658,0.194,0.784,89.7,2.36,16.6,62.0,29.8,78.0,40.0,37.8,51.7
2016,Jammu and Kashmir,-0.4,-0.042,0.111,0.458,94.0,2.47,8.3,61.6,28.9,84.7,38.5,36.2,27.0
2017,Jammu and Kashmir,-0.2,-0.107,0.117,0.483,96.9,2.44,9.0,62.3,28.2,84.0,38.3,36.2,26.1
2018,Jammu and Kashmir,0.4,-0.215,0.069,0.535,94.3,2.46,8.6,61.4,28.9,82.6,40.9,35.7,29.8
2019,Jammu and Kashmir,0.4,-0.344,0.111,0.546,95.1,2.45,11.3,58.9,29.0,82.1,39.8,35.4,31.9
2020,Jammu and Kashmir,-0.6,-0.02,0.046,0.484,97.8,2.49,10.5,61.5,28.7,83.4,38.5,35.0,26.7
2021,Jammu and Kashmir,-0.6,-0.063,0.085,0.452,94.5,2.44,7.7,65.0,29.5,84.8,40.6,36.0,26.7
2022,Jammu and Kashmir,-0.8,0.178,0.059,0.403,95.8,2.46,9.8,61.3,28.2,82.7,39.9,35.9,23.7
2023,Jammu and Kashmir,1.4,-0.516,0.162,0.632,88.7,2.43,13.8,61.8,29.2,79.0,38.4,37.3,43.4
2024,Jammu and Kashmir,0.1,-0.124,0.162,0.632,88.7,2.43,13.8,61.8,29.2,79.0,38.4,37.3,43.4
2025,Jammu and Kashmir,-0.1,0.268,0.163,0.633,88.7,2.43,13.8,61.8,29.2,79.0,38.4,37.3,43.4
2026,Jammu and Kashmir,1.8,0.269,0.163,0.633,88.7,2.43,13.8,61.8,29.2,79.0,38.4,37.4,43.4
1981,Ladakh,-0.2,0.034,0.05,0.4,97.6,2.42,7.9,51.1,31.0,84.0,42.6,38.6,25.4
1982,Ladakh,1.3,-0.447,0.313,0.707,92.4,2.35,12.5,55.2,32.6,79.7,43.1,38.9,42.9
1983,Ladakh,-0.2,-0.105,0.098,0.438,96.0,2.4,7.9,55.0,30.8,83.4,40.2,36.5,25.6
1984,Ladakh,-0.4,-0.012,0.109,0.406,94.8,2.41,8.2,53.1,30.9,82.9,38.4,37.8,25.1
1985,Ladakh,-0.3,0.027,0.129,0.417,94.6,2.4,5.9,50.4,30.2,83.4,40.8,38.1,25.5
1986,Ladakh,0.6,-0.439,0.243,0.52,93.4,2.36,9.4,53.7,31.5,81.6,38.0,36.9,34.2
1987,Ladakh,1.4,-0.319,0.338,0.724,91.2,2.34,12.7,55.3,31.3,78.8,40.9,39.7,47.8
1988,Ladakh,-1.3,0.198,-0.013,0.39,94.3,2.41,5.3,58.0,30.9,85.8,43.9,37.4,24.8
1989,Ladakh,-0.3,0.094,0.003,0.441,96.2,2.39,7.5,55.8,32.1,84.9,40.1,37.3,27.5
1990,Ladakh,0.3,-0.315,0.16,0.455,96.4,2.4,8.9,52.5,30.4,81.8,43.2,37.9,28.0
1991,Ladakh,0.8,-0.277,0.088,0.559,93.2,2.38,11.2,57.8,30.8,80.8,42.5,38.4,36.4
1992,Ladakh,0.0,-0.349,0.124,0.498,96.4,2.39,7.9,54.5,29.5,83.8,41.4,38.5,26.6
1993,Ladakh,0.2,-0.305,0.132,0.45,96.0,2.38,7.2,55.4,30.9,82.0,40.6,37.7,26.1
1994,Ladakh,0.4,-0.212,0.149,0.534,93.8,2.4,9.9,53.0,31.5,79.8,39.3,37.9,35.9
1995,Ladakh,-0.6,-0.169,0.041,0.45,94.8,2.39,7.6,55.7,30.4,83.7,39.3,37.4,25.1
1996,Ladakh,-0.3,-0.117,0.114,0.388,94.1,2.39,7.8,55.3,29.8,85.5,43.0,36.7,25.7
1997,Ladakh,1.9,-0.603,0.406,0.763,89.3,2.34,14.5,54.8,32.8,76.6,42.6,39.2,53.7
1998,Ladakh,-0.9,0.136,0.035,0.407,96.3,2.4,6.5,57.2,30.5,82.9,41.3,36.5,26.7
1999,Ladakh,-1.0,-0.011,-0.024,0.428,96.8,2.42,8.4,58.8,30.6,83.5,40.6,37.6,27.8
2000,Ladakh,-0.4,-0.046,0.095,0.408,97.2,2.45,6.4,57.2,31.2,85.6,41.6,36.9,24.8
2001,Ladakh,-0.1,-0.069,0.081,0.453,97.0,2.45,9.0,57.8,30.6,83.6,43.1,36.6,26.0
2002,Ladakh,0.8,-0.1,0.349,0.567,94.6,2.38,9.3,55.9,30.6,81.6,42.1,37.6,35.7
2003,Ladakh,0.2,-0.153,0.064,0.437,92.9,2.38,7.1,59.1,30.7,83.6,38.0,38.8,25.8
2004,Ladakh,0.5,-0.093,0.207,0.515,93.8,2.38,9.2,56.5,30.9,82.7,41.2,37.5,33.0
2005,Ladakh,-0.1,-0.072,0.111,0.373,94.3,2.4,10.1,59.3,31.2,85.0,41.4,36.2,24.8
2006,Ladakh,0.4,-0.198,0.138,0.525,94.9,2.38,10.1,54.9,30.7,80.4,42.9,38.0,33.3
2007,Ladakh,-0.9,0.116,-0.001,0.474,94.7,2.4,8.8,55.6,30.2,85.5,39.9,38.0,27.9
2008,Ladakh,-0.3,0.014,0.07,0.443,97.8,2.36,7.5,59.2,31.3,84.5,39.0,38.3,25.4
2009,Ladakh,0.7,-0.124,0.21,0.501,91.8,2.36,10.8,60.1,31.7,82.3,42.4,38.4,34.4
2010,Ladakh,-1.3,0.272,0.033,0.425,94.0,2.38,7.4,57.4,30.9,84.1,41.2,36.3,26.7
2011,Ladakh,-0.6,0.086,-0.023,0.428,94.6,2.36,8.8,59.6,29.5,82.4,41.7,36.9,27.7
2012,Ladakh,0.4,-0.195,0.045,0.56,96.7,2.41,8.9,59.0,31.4,84.7,40.8,37.2,30.2
2013,Ladakh,-0.3,0.021,0.052,0.497,96.7,2.48,7.3,58.7,30.2,84.4,41.1,37.0,25.4
2014,Ladakh,0.2,-0.177,0.195,0.521,94.0,2.37,8.7,61.2,31.0,83.4,40.6,36.3,30.1
2015,Ladakh,1.8,-0.652,0.297,0.767,87.9,2.31,16.6,58.4,32.6,80.4,42.4,40.4,51.5
2016,Ladakh,-0.4,-0.05,0.063,0.407,96.0,2.43,5.8,59.8,31.2,84.5,43.0,37.2,22.9
2017,Ladakh,-0.2,0.049,0.046,0.413,95.2,2.38,8.0,61.2,29.6,84.3,40.8,37.7,27.4
2018,Ladakh,0.4,-0.091,0.227,0.522,94.4,2.43,9.2,59.1,30.7,83.9,41.2,38.8,30.4
2019,Ladakh,0.4,-0.137,0.109,0.515,97.8,2.42,9.5,61.8,31.3,82.1,42.7,37.2,27.5
2020,Ladakh,-0.6,0.245,0.073,0.398,95.0,2.38,7.3,63.7,29.9,84.0,37.3,36.0,25.6
2021,Ladakh,-0.6,0.047,0.112,0.429,95.7,2.42,8.4,60.3,29.8,84.6,40.0,36.6,26.6
2022,Ladakh,-0.8,0.133,0.035,0.452,94.5,2.39,8.4,63.3,31.2,83.0,42.8,37.6,26.6
2023,Ladakh,1.4,-0.514,0.281,0.697,89.4,2.35,14.3,62.8,31.2,81.9,44.3,38.5,45.1
2024,Ladakh,0.1,-0.121,0.281,0.698,89.4,2.35,14.3,62.8,31.2,81.9,44.3,38.5,45.1
2025,Ladakh,-0.1,0.271,0.282,0.698,89.4,2.35,14.3,62.8,31.2,81.9,44.3,38.5,45.1
2026,Ladakh,1.8,0.271,0.282,0.699,89.4,2.35,14.3,62.8,31.2,81.9,44.3,38.5,45.1
1981,Manipur,-0.2,-0.242,0.054,0.382,97.2,2.42,7.3,54.0,30.9,84.1,42.9,37.0,24.5
1982,Manipur,1.3,-0.458,0.241,0.635,94.2,2.35,13.7,51.2,32.3,80.4,47.2,39.8,46.8
1983,Manipur,-0.2,-0.103,0.089,0.35,97.0,2.38,8.9,54.9,30.9,85.2,42.1,36.8,26.3
1984,Manipur,-0.4,0.045,0.009,0.497,98.4,2.4,10.7,54.7,30.5,85.0,42.6,36.6,31.0
1985,Manipur,-0.3,0.122,0.083,0.369,98.0,2.41,8.8,57.0,30.6,85.7,43.0,36.3,24.8
1986,Manipur,0.6,-0.17,0.129,0.439,95.3,2.38,11.1,53.8,31.8,82.1,43.0,37.9,33.6
1987,Manipur,1.4,-0.607,0.171,0.663,91.9,2.32,13.8,54.4,31.5,79.4,45.0,38.0,47.5
1988,Manipur,-1.3,0.162,-0.077,0.298,95.6,2.4,5.5,56.0,30.0,86.0,43.9,36.6,23.2
1989,Manipur,-0.3,-0.06,0.102,0.324,97.6,2.39,7.8,55.3,29.6,85.5,45.6,36.1,24.2
1990,Manipur,0.3,-0.181,0.055,0.411,96.3,2.39,9.2,55.7,29.4,84.9,44.8,36.3,29.8
1991,Manipur,0.8,-0.257,0.187,0.568,93.3,2.34,10.4,54.4,32.7,82.4,45.0,37.6,39.3
1992,Manipur,0.0,-0.139,0.015,0.385,96.8,2.39,8.6,53.3,31.8,83.8,45.0,36.2,27.0
1993,Manipur,0.2,-0.184,0.163,0.429,97.7,2.45,9.9,55.2,30.7,84.9,44.7,37.2,26.8
1994,Manipur,0.4,-0.202,0.097,0.498,96.5,2.44,10.0,59.2,30.0,82.3,44.5,37.7,31.7
1995,Manipur,-0.6,0.007,-0.061,0.402,99.5,2.39,8.8,55.2,32.6,84.3,42.9,37.0,25.3
1996,Manipur,-0.3,-0.229,0.08,0.379,98.5,2.41,6.3,57.8,29.9,85.7,43.4,36.8,24.3
1997,Manipur,1.9,-0.533,0.229,0.777,87.1,2.31,16.9,57.0,32.6,79.5,47.8,38.5,52.3
1998,Manipur,-0.9,-0.125,-0.003,0.344,96.8,2.41,8.6,56.8,31.3,86.8,44.2,36.6,23.9
1999,Manipur,-1.0,0.078,-0.047,0.383,94.5,2.39,9.2,59.8,30.6,85.0,42.4,35.5,25.9
2000,Manipur,-0.4,0.001,0.019,0.422,94.8,2.42,6.2,59.5,30.8,84.2,45.1,36.8,26.3
2001,Manipur,-0.1,-0.004,0.1,0.344,96.5,2.48,9.5,58.6,29.6,85.2,43.7,37.0,25.5
2002,Manipur,0.8,-0.268,0.112,0.573,95.6,2.36,10.7,56.6,32.2,83.3,42.9,37.4,37.1
2003,Manipur,0.2,-0.115,0.097,0.505,97.4,2.44,9.1,57.4,30.0,87.1,44.5,37.7,27.7
2004,Manipur,0.5,-0.231,0.147,0.476,95.6,2.43,12.0,59.0,31.4,83.5,47.4,36.8,35.9
2005,Manipur,-0.1,-0.175,-0.031,0.441,96.8,2.42,8.3,58.3,30.4,84.7,45.2,36.4,24.2
2006,Manipur,0.4,-0.218,0.093,0.455,95.4,2.43,9.6,60.8,31.8,83.1,43.2,36.1,29.9
2007,Manipur,-0.9,0.092,0.029,0.386,95.1,2.37,6.7,60.8,31.3,86.1,45.9,36.5,23.0
2008,Manipur,-0.3,-0.043,0.092,0.425,97.2,2.41,6.4,59.7,30.8,85.0,44.1,36.5,24.0
2009,Manipur,0.7,-0.262,0.205,0.463,94.9,2.34,11.7,61.7,31.9,83.6,45.9,37.3,35.1
2010,Manipur,-1.3,0.161,-0.136,0.389,96.2,2.43,8.2,63.2,30.3,86.2,43.4,36.2,26.0
2011,Manipur,-0.6,0.03,0.036,0.409,93.1,2.4,8.8,63.1,30.4,86.1,42.5,37.0,26.5
2012,Manipur,0.4,-0.149,0.107,0.39,96.0,2.42,8.2,61.1,30.7,83.6,43.6,36.6,31.0
2013,Manipur,-0.3,-0.114,-0.02,0.279,98.2,2.43,6.5,61.3,30.2,85.0,44.0,37.4,26.0
2014,Manipur,0.2,-0.28,0.199,0.504,97.8,2.37,8.6,61.4,32.1,85.4,43.7,36.3,28.7
2015,Manipur,1.8,-0.542,0.293,0.778,90.4,2.35,15.1,62.2,33.1,81.1,47.8,38.8,51.7
2016,Manipur,-0.4,0.082,0.07,0.407,97.0,2.41,7.5,64.3,31.3,85.8,44.7,36.9,23.7
2017,Manipur,-0.2,-0.121,0.025,0.402,99.2,2.39,6.0,60.7,30.8,85.5,43.4,37.3,23.6
2018,Manipur,0.4,-0.085,0.242,0.411,95.7,2.37,10.8,61.2,31.9,83.8,45.8,37.3,30.6
2019,Manipur,0.4,-0.336,0.115,0.475,95.2,2.36,8.1,60.1,30.0,84.2,45.6,35.8,31.1
2020,Manipur,-0.6,0.062,0.023,0.366,98.5,2.39,9.1,61.4,30.5,85.1,43.9,36.3,23.1
2021,Manipur,-0.6,-0.033,-0.035,0.418,98.1,2.4,8.2,64.7,30.9,86.7,43.5,36.8,23.8
2022,Manipur,-0.8,0.062,0.101,0.411,97.4,2.42,9.2,65.1,30.1,85.3,45.3,37.0,23.6
2023,Manipur,1.4,-0.503,0.249,0.677,89.9,2.34,13.8,62.0,30.9,81.5,46.8,37.4,46.1
2024,Manipur,0.1,-0.352,0.25,0.677,89.9,2.34,13.8,62.0,30.9,81.5,46.8,37.4,46.1
2025,Manipur,-0.1,-0.2,0.25,0.678,89.9,2.34,13.8,62.0,30.9,81.5,46.8,37.4,46.1
2026,Manipur,1.8,-0.199,0.251,0.678,89.9,2.34,13.8,62.0,30.9,81.5,46.8,37.4,46.1
1981,Meghalaya,-0.2,-0.243,0.055,0.385,96.8,2.42,7.3,53.8,31.1,83.7,42.7,37.2,24.5
1982,Meghalaya,1.3,-0.462,0.243,0.641,93.8,2.35,13.9,51.0,32.5,80.0,47.0,40.2,46.6
1983,Meghalaya,-0.2,-0.104,0.09,0.353,96.6,2.38,8.9,54.7,31.1,84.8,41.9,37.0,26.1
1984,Meghalaya,-0.4,0.045,0.009,0.501,98.0,2.4,10.7,54.5,30.7,84.6,42.4,36.8,30.8
1985,Meghalaya,-0.3,0.123,0.084,0.372,97.6,2.41,8.8,56.8,30.8,85.3,42.8,36.5,24.8
1986,Meghalaya,0.6,-0.172,0.131,0.443,94.9,2.38,11.1,53.6,32.0,81.7,42.8,38.3,33.4
1987,Meghalaya,1.4,-0.612,0.172,0.668,91.5,2.32,14.0,54.2,31.7,79.0,44.8,38.4,47.3
1988,Meghalaya,-1.3,0.163,-0.078,0.301,95.2,2.4,5.5,55.8,30.2,85.6,43.7,36.8,23.2
1989,Meghalaya,-0.3,-0.06,0.102,0.326,97.2,2.39,7.8,55.1,29.8,85.1,45.4,36.3,24.2
1990,Meghalaya,0.3,-0.182,0.056,0.414,95.9,2.39,9.2,55.5,29.6,84.5,44.6,36.5,29.6
1991,Meghalaya,0.8,-0.259,0.189,0.572,92.9,2.34,10.4,54.2,32.9,82.0,44.8,38.0,39.1
1992,Meghalaya,0.0,-0.14,0.016,0.388,96.4,2.39,8.6,53.1,32.0,83.4,44.8,36.4,26.8
1993,Meghalaya,0.2,-0.186,0.165,0.433,97.3,2.45,9.9,55.0,30.9,84.5,44.5,37.5,26.6
1994,Meghalaya,0.4,-0.203,0.098,0.501,96.1,2.44,10.0,59.0,30.2,81.9,44.3,38.1,31.5
1995,Meghalaya,-0.6,0.008,-0.062,0.405,99.1,2.39,8.8,55.0,32.8,83.9,42.7,37.2,25.1
1996,Meghalaya,-0.3,-0.231,0.08,0.383,98.1,2.41,6.3,57.6,30.1,85.3,43.2,37.0,24.3
1997,Meghalaya,1.9,-0.538,0.23,0.784,86.7,2.31,17.1,56.8,32.8,79.1,47.6,38.9,52.1
1998,Meghalaya,-0.9,-0.127,-0.003,0.346,96.4,2.41,8.6,56.6,31.5,86.4,44.0,36.8,23.9
1999,Meghalaya,-1.0,0.079,-0.048,0.386,94.1,2.39,9.2,59.6,30.8,84.6,42.2,35.7,25.7
2000,Meghalaya,-0.4,0.001,0.019,0.426,94.4,2.42,6.2,59.3,31.0,83.8,44.9,37.0,26.1
2001,Meghalaya,-0.1,-0.005,0.101,0.347,96.1,2.48,9.5,58.4,29.8,84.8,43.5,37.2,25.3
2002,Meghalaya,0.8,-0.271,0.113,0.578,95.2,2.36,10.7,56.4,32.4,82.9,42.7,37.7,36.9
2003,Meghalaya,0.2,-0.115,0.097,0.509,97.0,2.44,9.1,57.2,30.2,86.7,44.3,38.1,27.5
2004,Meghalaya,0.5,-0.232,0.148,0.479,95.2,2.43,12.0,58.8,31.6,83.1,47.2,37.0,35.7
2005,Meghalaya,-0.1,-0.177,-0.031,0.445,96.4,2.42,8.3,58.1,30.6,84.3,45.0,36.6,24.2
2006,Meghalaya,0.4,-0.219,0.094,0.458,95.0,2.43,9.6,60.6,32.0,82.7,43.0,36.3,29.7
2007,Meghalaya,-0.9,0.092,0.029,0.39,94.7,2.37,6.7,60.6,31.5,85.7,45.7,36.7,23.0
2008,Meghalaya,-0.3,-0.044,0.093,0.428,96.8,2.41,6.4,59.5,31.0,84.6,43.9,36.7,24.0
2009,Meghalaya,0.7,-0.265,0.206,0.466,94.5,2.34,11.7,61.5,32.1,83.2,45.7,37.6,34.9
2010,Meghalaya,-1.3,0.163,-0.138,0.393,95.8,2.43,8.2,63.0,30.5,85.8,43.2,36.4,25.8
2011,Meghalaya,-0.6,0.031,0.037,0.412,92.7,2.4,8.8,62.9,30.6,85.7,42.3,37.2,26.3
2012,Meghalaya,0.4,-0.151,0.107,0.394,95.6,2.42,8.2,60.9,30.9,83.2,43.4,36.8,30.8
2013,Meghalaya,-0.3,-0.115,-0.021,0.282,97.8,2.43,6.5,61.1,30.4,84.6,43.8,37.7,25.8
2014,Meghalaya,0.2,-0.282,0.201,0.508,97.4,2.37,8.6,61.2,32.3,85.0,43.5,36.5,28.5
2015,Meghalaya,1.8,-0.547,0.296,0.785,90.0,2.35,15.3,62.0,33.3,80.7,47.6,39.2,51.5
2016,Meghalaya,-0.4,0.083,0.071,0.41,96.6,2.41,7.5,64.1,31.5,85.4,44.5,37.1,23.7
2017,Meghalaya,-0.2,-0.121,0.025,0.406,98.8,2.39,6.0,60.5,31.0,85.1,43.2,37.6,23.6
2018,Meghalaya,0.4,-0.086,0.243,0.414,95.3,2.37,10.8,61.0,32.1,83.4,45.6,37.6,30.4
2019,Meghalaya,0.4,-0.338,0.115,0.479,94.8,2.36,8.1,59.9,30.2,83.8,45.4,36.0,30.9
2020,Meghalaya,-0.6,0.063,0.024,0.369,98.1,2.39,9.1,61.2,30.7,84.7,43.7,36.5,23.1
2021,Meghalaya,-0.6,-0.033,-0.035,0.422,97.7,2.4,8.2,64.5,31.1,86.3,43.3,37.0,23.8
2022,Meghalaya,-0.8,0.063,0.102,0.414,97.0,2.42,9.2,64.9,30.3,84.9,45.1,37.2,23.6
2023,Meghalaya,1.4,-0.508,0.252,0.682,89.5,2.34,14.0,61.8,31.1,81.1,46.6,37.7,45.9
2024,Meghalaya,0.1,-0.354,0.252,0.683,89.5,2.34,14.0,61.8,31.1,81.1,46.6,37.7,45.9
2025,Meghalaya,-0.1,-0.201,0.253,0.683,89.5,2.34,14.0,61.8,31.1,81.1,46.6,37.7,45.9
2026,Meghalaya,1.8,-0.201,0.253,0.684,89.5,2.34,14.0,61.8,31.1,81.1,46.6,37.8,45.9
1981,Mizoram,-0.2,-0.244,0.055,0.387,96.4,2.41,7.4,53.6,31.2,83.4,42.5,37.4,24.4
1982,Mizoram,1.3,-0.464,0.244,0.643,93.4,2.34,13.9,50.8,32.7,79.7,46.8,40.3,46.4
1983,Mizoram,-0.2,-0.104,0.09,0.354,96.2,2.37,9.0,54.5,31.2,84.5,41.7,37.2,26.0
1984,Mizoram,-0.4,0.045,0.009,0.503,97.6,2.39,10.8,54.3,30.8,84.3,42.2,37.0,30.7
1985,Mizoram,-0.3,0.123,0.084,0.373,97.2,2.4,8.9,56.6,30.9,85.0,42.6,36.7,24.7
1986,Mizoram,0.6,-0.172,0.131,0.445,94.5,2.37,11.2,53.4,32.2,81.4,42.6,38.4,33.3
1987,Mizoram,1.4,-0.614,0.173,0.671,91.1,2.31,14.0,54.0,31.9,78.7,44.6,38.5,47.1
1988,Mizoram,-1.3,0.164,-0.078,0.302,94.8,2.39,5.5,55.6,30.3,85.3,43.5,37.0,23.1
1989,Mizoram,-0.3,-0.06,0.103,0.328,96.8,2.38,7.9,54.9,29.9,84.8,45.2,36.5,24.1
1990,Mizoram,0.3,-0.183,0.056,0.416,95.5,2.38,9.3,55.3,29.7,84.2,44.4,36.7,29.5
1991,Mizoram,0.8,-0.26,0.19,0.575,92.5,2.33,10.5,54.0,33.1,81.7,44.6,38.1,39.0
1992,Mizoram,0.0,-0.141,0.016,0.39,96.0,2.38,8.7,52.9,32.2,83.1,44.6,36.6,26.7
1993,Mizoram,0.2,-0.186,0.165,0.434,96.9,2.44,10.0,54.8,31.0,84.2,44.3,37.6,26.5
1994,Mizoram,0.4,-0.204,0.098,0.503,95.7,2.43,10.1,58.7,30.3,81.6,44.1,38.2,31.4
1995,Mizoram,-0.6,0.008,-0.062,0.407,98.7,2.38,8.9,54.8,33.0,83.6,42.5,37.4,25.0
1996,Mizoram,-0.3,-0.232,0.081,0.384,97.7,2.4,6.3,57.4,30.2,85.0,43.0,37.2,24.2
1997,Mizoram,1.9,-0.54,0.231,0.787,86.4,2.3,17.1,56.6,33.0,78.8,47.4,39.0,51.9
1998,Mizoram,-0.9,-0.127,-0.003,0.348,96.0,2.4,8.7,56.4,31.7,86.1,43.8,37.0,23.8
1999,Mizoram,-1.0,0.079,-0.048,0.388,93.7,2.38,9.3,59.3,30.9,84.3,42.0,35.9,25.6
2000,Mizoram,-0.4,0.001,0.019,0.427,94.0,2.41,6.3,59.0,31.1,83.5,44.7,37.2,26.0
2001,Mizoram,-0.1,-0.005,0.101,0.348,95.7,2.47,9.6,58.1,29.9,84.5,43.3,37.4,25.2
2002,Mizoram,0.8,-0.272,0.113,0.58,94.8,2.35,10.8,56.2,32.6,82.6,42.5,37.9,36.8
2003,Mizoram,0.2,-0.116,0.098,0.511,96.6,2.43,9.2,57.0,30.3,86.4,44.1,38.2,27.4
2004,Mizoram,0.5,-0.233,0.149,0.481,94.8,2.42,12.1,58.5,31.8,82.8,47.0,37.2,35.6
2005,Mizoram,-0.1,-0.177,-0.031,0.447,96.0,2.41,8.4,57.9,30.7,84.0,44.8,36.8,24.1
2006,Mizoram,0.4,-0.22,0.094,0.46,94.6,2.42,9.7,60.3,32.2,82.4,42.8,36.5,29.6
2007,Mizoram,-0.9,0.093,0.029,0.391,94.3,2.36,6.8,60.3,31.7,85.4,45.5,36.9,22.9
2008,Mizoram,-0.3,-0.044,0.093,0.43,96.4,2.4,6.5,59.2,31.1,84.3,43.7,36.9,23.9
2009,Mizoram,0.7,-0.266,0.207,0.468,94.1,2.33,11.8,61.2,32.3,82.9,45.5,37.8,34.8
2010,Mizoram,-1.3,0.163,-0.138,0.394,95.4,2.42,8.3,62.7,30.6,85.5,43.0,36.6,25.7
2011,Mizoram,-0.6,0.031,0.037,0.414,92.3,2.39,8.9,62.6,30.7,85.4,42.1,37.4,26.2
2012,Mizoram,0.4,-0.151,0.108,0.395,95.2,2.41,8.3,60.6,31.0,82.9,43.2,37.0,30.7
2013,Mizoram,-0.3,-0.115,-0.021,0.283,97.4,2.42,6.6,60.8,30.5,84.3,43.6,37.8,25.7
2014,Mizoram,0.2,-0.283,0.202,0.51,97.0,2.36,8.7,60.9,32.5,84.7,43.3,36.7,28.4
2015,Mizoram,1.8,-0.549,0.297,0.788,89.7,2.34,15.3,61.7,33.5,80.4,47.4,39.3,51.3
2016,Mizoram,-0.4,0.083,0.071,0.412,96.2,2.4,7.6,63.8,31.6,85.1,44.3,37.3,23.6
2017,Mizoram,-0.2,-0.122,0.025,0.407,98.4,2.38,6.0,60.2,31.1,84.8,43.0,37.8,23.5
2018,Mizoram,0.4,-0.086,0.244,0.416,94.9,2.36,10.9,60.7,32.3,83.1,45.4,37.8,30.3
2019,Mizoram,0.4,-0.34,0.116,0.481,94.4,2.35,8.2,59.6,30.3,83.5,45.2,36.2,30.8
2020,Mizoram,-0.6,0.063,0.024,0.37,97.7,2.38,9.2,60.9,30.8,84.4,43.5,36.7,23.0
2021,Mizoram,-0.6,-0.033,-0.035,0.423,97.3,2.39,8.3,64.2,31.2,86.0,43.1,37.2,23.7
2022,Mizoram,-0.8,0.063,0.102,0.416,96.6,2.41,9.3,64.6,30.4,84.6,44.9,37.4,23.5
2023,Mizoram,1.4,-0.51,0.253,0.685,89.2,2.33,14.0,61.5,31.2,80.8,46.4,37.9,45.7
2024,Mizoram,0.1,-0.356,0.253,0.685,89.2,2.33,14.0,61.5,31.2,80.8,46.4,37.9,45.7
2025,Mizoram,-0.1,-0.202,0.254,0.686,89.2,2.33,14.0,61.5,31.2,80.8,46.4,37.9,45.7
2026,Mizoram,1.8,-0.202,0.254,0.686,89.2,2.33,14.0,61.5,31.2,80.8,46.4,37.9,45.7
1981,Nagaland,-0.2,-0.245,0.055,0.388,97.6,2.43,7.4,54.2,31.4,84.4,43.1,37.5,24.6
1982,Nagaland,1.3,-0.466,0.245,0.646,94.6,2.36,14.0,51.4,32.8,80.7,47.4,40.5,47.0
1983,Nagaland,-0.2,-0.105,0.091,0.356,97.4,2.39,9.0,55.1,31.4,85.5,42.3,37.3,26.4
1984,Nagaland,-0.4,0.046,0.009,0.505,98.8,2.41,10.8,54.9,31.0,85.3,42.8,37.1,31.1
1985,Nagaland,-0.3,0.124,0.084,0.375,98.4,2.42,8.9,57.2,31.1,86.0,43.2,36.8,24.9
1986,Nagaland,0.6,-0.173,0.132,0.446,95.7,2.39,11.2,54.0,32.3,82.4,43.2,38.6,33.7
1987,Nagaland,1.4,-0.617,0.174,0.673,92.3,2.33,14.1,54.6,32.0,79.7,45.2,38.7,47.7
1988,Nagaland,-1.3,0.164,-0.078,0.303,96.0,2.41,5.6,56.2,30.5,86.3,44.1,37.1,23.3
1989,Nagaland,-0.3,-0.061,0.103,0.329,98.0,2.4,7.9,55.5,30.1,85.8,45.8,36.6,24.3
1990,Nagaland,0.3,-0.184,0.056,0.417,96.7,2.4,9.3,55.9,29.9,85.2,45.0,36.8,29.9
1991,Nagaland,0.8,-0.261,0.19,0.577,93.7,2.35,10.5,54.6,33.2,82.7,45.2,38.3,39.4
1992,Nagaland,0.0,-0.141,0.016,0.391,97.2,2.4,8.7,53.5,32.3,84.1,45.2,36.7,27.1
1993,Nagaland,0.2,-0.187,0.166,0.436,98.1,2.46,10.0,55.4,31.2,85.2,44.9,37.7,26.9
1994,Nagaland,0.4,-0.205,0.099,0.505,96.9,2.45,10.1,59.5,30.5,82.6,44.7,38.4,31.8
1995,Nagaland,-0.6,0.008,-0.062,0.408,99.9,2.4,8.9,55.4,33.1,84.6,43.1,37.5,25.4
1996,Nagaland,-0.3,-0.233,0.081,0.386,98.9,2.42,6.4,58.0,30.4,86.0,43.6,37.3,24.4
1997,Nagaland,1.9,-0.542,0.232,0.79,87.4,2.32,17.2,57.2,33.1,79.8,48.0,39.2,52.5
1998,Nagaland,-0.9,-0.128,-0.003,0.349,97.2,2.42,8.7,57.0,31.8,87.1,44.4,37.1,24.0
1999,Nagaland,-1.0,0.079,-0.048,0.389,94.9,2.4,9.3,60.1,31.1,85.3,42.6,36.0,26.0
2000,Nagaland,-0.4,0.001,0.019,0.429,95.2,2.43,6.3,59.8,31.3,84.5,45.3,37.3,26.4
2001,Nagaland,-0.1,-0.005,0.102,0.35,96.9,2.49,9.6,58.9,30.1,85.5,43.9,37.5,25.6
2002,Nagaland,0.8,-0.273,0.114,0.582,96.0,2.37,10.8,56.8,32.7,83.6,43.1,38.0,37.2
2003,Nagaland,0.2,-0.116,0.098,0.513,97.8,2.45,9.2,57.6,30.5,87.4,44.7,38.4,27.8
2004,Nagaland,0.5,-0.234,0.149,0.483,96.0,2.44,12.1,59.3,31.9,83.8,47.6,37.3,36.0
2005,Nagaland,-0.1,-0.178,-0.031,0.448,97.2,2.43,8.4,58.5,30.9,85.0,45.4,36.9,24.3
2006,Nagaland,0.4,-0.221,0.095,0.462,95.8,2.44,9.7,61.1,32.3,83.4,43.4,36.6,30.0
2007,Nagaland,-0.9,0.093,0.029,0.393,95.5,2.38,6.8,61.1,31.8,86.4,46.1,37.0,23.1
2008,Nagaland,-0.3,-0.044,0.094,0.432,97.6,2.42,6.5,60.0,31.3,85.3,44.3,37.0,24.1
2009,Nagaland,0.7,-0.267,0.208,0.47,95.3,2.35,11.8,62.0,32.4,83.9,46.1,37.9,35.2
2010,Nagaland,-1.3,0.164,-0.139,0.396,96.6,2.44,8.3,63.5,30.8,86.5,43.6,36.7,26.1
2011,Nagaland,-0.6,0.031,0.037,0.415,93.5,2.41,8.9,63.4,30.9,86.4,42.7,37.5,26.6
2012,Nagaland,0.4,-0.152,0.108,0.397,96.4,2.43,8.3,61.4,31.2,83.9,43.8,37.1,31.1
2013,Nagaland,-0.3,-0.116,-0.021,0.284,98.6,2.44,6.6,61.6,30.7,85.3,44.2,38.0,26.1
2014,Nagaland,0.2,-0.284,0.202,0.512,98.2,2.38,8.7,61.7,32.6,85.7,43.9,36.8,28.8
2015,Nagaland,1.8,-0.551,0.298,0.791,90.7,2.36,15.4,62.5,33.6,81.4,48.0,39.5,51.9
2016,Nagaland,-0.4,0.084,0.071,0.413,97.4,2.42,7.6,64.6,31.8,86.1,44.9,37.4,23.8
2017,Nagaland,-0.2,-0.122,0.025,0.409,99.6,2.4,6.1,61.0,31.3,85.8,43.6,37.9,23.7
2018,Nagaland,0.4,-0.087,0.245,0.417,96.1,2.38,10.9,61.5,32.4,84.1,46.0,37.9,30.7
2019,Nagaland,0.4,-0.341,0.116,0.483,95.6,2.37,8.2,60.4,30.5,84.5,45.8,36.3,31.2
2020,Nagaland,-0.6,0.063,0.024,0.372,98.9,2.4,9.2,61.7,31.0,85.4,44.1,36.8,23.2
2021,Nagaland,-0.6,-0.033,-0.035,0.425,98.5,2.41,8.3,65.0,31.4,87.0,43.7,37.3,23.9
2022,Nagaland,-0.8,0.063,0.103,0.417,97.8,2.43,9.3,65.4,30.6,85.6,45.5,37.5,23.7
2023,Nagaland,1.4,-0.512,0.254,0.688,90.2,2.35,14.1,62.3,31.4,81.8,47.0,38.0,46.3
2024,Nagaland,0.1,-0.357,0.254,0.688,90.2,2.35,14.1,62.3,31.4,81.8,47.0,38.1,46.3
2025,Nagaland,-0.1,-0.203,0.255,0.689,90.2,2.35,14.1,62.3,31.4,81.8,47.0,38.1,46.3
2026,Nagaland,1.8,-0.202,0.255,0.689,90.2,2.35,14.1,62.3,31.4,81.8,47.0,38.1,46.3
1981,Sikkim,-0.2,-0.134,0.058,0.398,97.2,2.46,10.7,48.3,30.4,81.7,44.5,36.5,27.4
1982,Sikkim,1.3,-0.521,0.232,0.768,88.9,2.4,15.7,48.1,32.8,77.8,44.0,39.1,47.6
1983,Sikkim,-0.2,-0.036,0.096,0.47,95.5,2.41,9.7,47.0,31.9,81.3,43.6,36.6,27.0
1984,Sikkim,-0.4,-0.185,0.01,0.46,95.2,2.46,11.1,50.2,31.6,81.7,43.8,37.0,26.6
1985,Sikkim,-0.3,-0.072,0.06,0.406,94.7,2.47,11.5,49.6,31.1,82.0,43.4,37.7,26.6
1986,Sikkim,0.6,-0.418,0.09,0.591,94.4,2.39,12.9,48.4,31.9,79.6,44.5,38.6,38.0
1987,Sikkim,1.4,-0.448,0.256,0.79,90.3,2.4,18.0,48.6,32.4,75.8,44.2,39.3,50.2
1988,Sikkim,-1.3,0.056,-0.068,0.45,92.2,2.47,11.8,51.4,30.9,84.4,44.1,37.0,27.3
1989,Sikkim,-0.3,-0.244,-0.013,0.458,94.4,2.43,9.9,48.4,30.9,82.2,43.4,38.6,26.8
1990,Sikkim,0.3,-0.296,0.09,0.578,91.6,2.45,11.1,52.8,32.1,82.8,44.0,37.0,33.9
1991,Sikkim,0.8,-0.38,0.104,0.554,90.3,2.41,13.3,48.4,32.2,80.2,41.9,37.9,37.1
1992,Sikkim,0.0,-0.252,0.068,0.442,92.9,2.44,10.6,49.3,31.6,82.8,43.5,37.9,29.2
1993,Sikkim,0.2,-0.202,0.168,0.467,96.0,2.4,10.1,48.8,31.1,84.2,40.7,38.1,30.6
1994,Sikkim,0.4,-0.314,0.146,0.518,96.8,2.42,10.8,52.2,30.9,82.1,44.7,37.5,32.4
1995,Sikkim,-0.6,-0.15,-0.044,0.432,96.8,2.47,11.1,51.0,30.6,83.4,44.5,37.0,25.8
1996,Sikkim,-0.3,-0.026,0.057,0.427,96.3,2.43,10.7,53.0,30.5,82.1,42.4,38.0,27.8
1997,Sikkim,1.9,-0.456,0.34,0.802,87.1,2.37,18.3,51.0,33.5,74.8,48.0,40.0,56.8
1998,Sikkim,-0.9,-0.08,-0.007,0.482,96.0,2.43,9.9,54.9,30.6,83.0,41.6,37.7,26.5
1999,Sikkim,-1.0,0.028,-0.014,0.414,93.9,2.43,8.9,54.2,31.7,83.0,42.3,37.4,26.5
2000,Sikkim,-0.4,-0.066,-0.021,0.507,94.0,2.47,9.1,52.1,31.0,81.4,42.7,38.2,28.9
2001,Sikkim,-0.1,-0.274,0.084,0.536,93.4,2.43,10.0,55.1,30.8,83.2,42.1,36.9,31.3
2002,Sikkim,0.8,-0.394,0.092,0.639,93.1,2.42,13.1,51.7,32.5,81.3,44.0,38.6,39.9
2003,Sikkim,0.2,-0.33,0.112,0.485,94.4,2.45,10.2,52.8,31.8,82.4,43.3,38.2,27.3
2004,Sikkim,0.5,-0.29,0.17,0.553,93.2,2.44,13.9,55.5,31.5,82.1,43.0,38.7,35.6
2005,Sikkim,-0.1,-0.15,0.106,0.46,95.0,2.45,10.2,52.3,30.7,82.8,42.0,36.3,26.2
2006,Sikkim,0.4,-0.264,0.126,0.578,94.1,2.45,12.2,55.0,32.7,82.1,44.0,38.4,34.1
2007,Sikkim,-0.9,0.066,0.03,0.464,94.4,2.45,10.5,55.5,31.5,82.1,45.4,36.4,26.2
2008,Sikkim,-0.3,-0.139,0.07,0.396,98.8,2.45,10.4,53.9,29.2,84.2,45.5,37.2,26.1
2009,Sikkim,0.7,-0.364,0.166,0.578,92.3,2.42,14.3,55.1,31.3,81.8,44.3,37.4,35.8
2010,Sikkim,-1.3,0.232,-0.025,0.431,94.2,2.43,10.2,52.8,31.8,82.6,41.4,36.8,26.4
2011,Sikkim,-0.6,0.05,-0.006,0.458,92.0,2.48,10.9,55.4,31.0,82.8,43.4,37.4,26.7
2012,Sikkim,0.4,-0.238,0.088,0.559,90.3,2.45,11.9,55.2,31.4,81.2,43.4,38.4,31.2
2013,Sikkim,-0.3,-0.164,0.086,0.43,95.0,2.44,10.9,56.5,30.7,81.9,44.7,36.9,26.7
2014,Sikkim,0.2,-0.289,0.084,0.512,94.9,2.42,10.1,58.0,31.6,84.0,43.4,37.8,30.7
2015,Sikkim,1.8,-0.671,0.278,0.796,86.7,2.37,17.3,54.7,33.1,76.7,46.3,39.9,57.1
2016,Sikkim,-0.4,-0.024,0.066,0.378,96.7,2.42,9.6,59.4,32.7,84.8,43.9,36.6,25.3
2017,Sikkim,-0.2,-0.241,0.053,0.516,96.9,2.4,10.5,57.9,32.1,84.7,41.4,37.7,28.1
2018,Sikkim,0.4,-0.228,0.174,0.506,93.7,2.44,14.6,58.6,32.0,82.9,45.3,38.3,32.1
2019,Sikkim,0.4,-0.138,0.194,0.508,96.9,2.41,11.6,55.8,31.8,81.2,45.0,37.7,31.0
2020,Sikkim,-0.6,-0.14,0.09,0.422,94.1,2.42,12.0,58.6,31.6,83.9,45.3,38.4,27.0
2021,Sikkim,-0.6,-0.021,0.065,0.447,95.0,2.47,11.5,56.7,31.6,83.3,43.4,38.4,27.3
2022,Sikkim,-0.8,-0.056,-0.036,0.384,93.6,2.45,10.9,58.1,31.6,83.6,42.7,37.2,26.6
2023,Sikkim,1.4,-0.432,0.25,0.73,89.8,2.38,16.2,56.5,33.3,77.7,44.6,38.9,47.2
2024,Sikkim,0.1,-0.316,0.25,0.731,89.8,2.38,16.2,56.5,33.3,77.7,44.6,38.9,47.2
2025,Sikkim,-0.1,-0.2,0.25,0.732,89.8,2.38,16.2,56.5,33.3,77.7,44.6,38.9,47.2
2026,Sikkim,1.8,-0.2,0.251,0.732,89.8,2.38,16.2,56.5,33.3,77.7,44.6,38.9,47.2
1981,Tripura,-0.2,-0.243,0.055,0.385,96.6,2.41,7.3,53.7,31.1,83.6,42.6,37.2,24.4
1982,Tripura,1.3,-0.462,0.243,0.641,93.6,2.34,13.9,50.9,32.5,79.9,46.9,40.2,46.5
1983,Tripura,-0.2,-0.104,0.09,0.353,96.4,2.37,8.9,54.6,31.1,84.7,41.8,37.0,26.1
1984,Tripura,-0.4,0.045,0.009,0.501,97.8,2.39,10.7,54.4,30.7,84.5,42.3,36.8,30.8
1985,Tripura,-0.3,0.123,0.084,0.372,97.4,2.4,8.8,56.7,30.8,85.2,42.7,36.5,24.7
1986,Tripura,0.6,-0.172,0.131,0.443,94.7,2.37,11.1,53.5,32.0,81.6,42.7,38.3,33.4
1987,Tripura,1.4,-0.612,0.172,0.668,91.3,2.31,14.0,54.1,31.7,78.9,44.7,38.4,47.2
1988,Tripura,-1.3,0.163,-0.078,0.301,95.0,2.39,5.5,55.7,30.2,85.5,43.6,36.8,23.1
1989,Tripura,-0.3,-0.06,0.102,0.326,97.0,2.38,7.8,55.0,29.8,85.0,45.3,36.3,24.1
1990,Tripura,0.3,-0.182,0.056,0.414,95.7,2.38,9.2,55.4,29.6,84.4,44.5,36.5,29.6
1991,Tripura,0.8,-0.259,0.189,0.572,92.7,2.33,10.4,54.1,32.9,81.9,44.7,38.0,39.0
1992,Tripura,0.0,-0.14,0.016,0.388,96.2,2.38,8.6,53.0,32.0,83.3,44.7,36.4,26.8
1993,Tripura,0.2,-0.186,0.165,0.433,97.1,2.44,9.9,54.9,30.9,84.4,44.4,37.5,26.6
1994,Tripura,0.4,-0.203,0.098,0.501,95.9,2.43,10.0,58.9,30.2,81.8,44.2,38.1,31.5
1995,Tripura,-0.6,0.008,-0.062,0.405,98.9,2.38,8.8,54.9,32.8,83.8,42.6,37.2,25.1
1996,Tripura,-0.3,-0.231,0.08,0.383,97.9,2.4,6.3,57.5,30.1,85.2,43.1,37.0,24.2
1997,Tripura,1.9,-0.538,0.23,0.784,86.6,2.3,17.1,56.7,32.8,79.0,47.5,38.9,52.0
1998,Tripura,-0.9,-0.127,-0.003,0.346,96.2,2.4,8.6,56.5,31.5,86.3,43.9,36.8,23.8
1999,Tripura,-1.0,0.079,-0.048,0.386,93.9,2.38,9.2,59.5,30.8,84.5,42.1,35.7,25.7
2000,Tripura,-0.4,0.001,0.019,0.426,94.2,2.41,6.2,59.2,31.0,83.7,44.8,37.0,26.1
2001,Tripura,-0.1,-0.005,0.101,0.347,95.9,2.47,9.5,58.3,29.8,84.7,43.4,37.2,25.3
2002,Tripura,0.8,-0.271,0.113,0.578,95.0,2.35,10.7,56.3,32.4,82.8,42.6,37.7,36.9
2003,Tripura,0.2,-0.115,0.097,0.509,96.8,2.43,9.1,57.1,30.2,86.6,44.2,38.1,27.5
2004,Tripura,0.5,-0.232,0.148,0.479,95.0,2.42,12.0,58.7,31.6,83.0,47.1,37.0,35.7
2005,Tripura,-0.1,-0.177,-0.031,0.445,96.2,2.41,8.3,58.0,30.6,84.2,44.9,36.6,24.1
2006,Tripura,0.4,-0.219,0.094,0.458,94.8,2.42,9.6,60.5,32.0,82.6,42.9,36.3,29.7
2007,Tripura,-0.9,0.092,0.029,0.39,94.5,2.36,6.7,60.5,31.5,85.6,45.6,36.7,22.9
2008,Tripura,-0.3,-0.044,0.093,0.428,96.6,2.4,6.4,59.4,31.0,84.5,43.8,36.7,23.9
2009,Tripura,0.7,-0.265,0.206,0.466,94.3,2.33,11.7,61.4,32.1,83.1,45.6,37.6,34.9
2010,Tripura,-1.3,0.163,-0.138,0.393,95.6,2.42,8.2,62.8,30.5,85.7,43.1,36.4,25.8
2011,Tripura,-0.6,0.031,0.037,0.412,92.5,2.39,8.8,62.7,30.6,85.6,42.2,37.2,26.3
2012,Tripura,0.4,-0.151,0.107,0.394,95.4,2.41,8.2,60.8,30.9,83.1,43.3,36.8,30.8
2013,Tripura,-0.3,-0.115,-0.021,0.282,97.6,2.42,6.5,61.0,30.4,84.5,43.7,37.7,25.8
2014,Tripura,0.2,-0.282,0.201,0.508,97.2,2.36,8.6,61.1,32.3,84.9,43.4,36.5,28.5
2015,Tripura,1.8,-0.547,0.296,0.785,89.8,2.34,15.3,61.9,33.3,80.6,47.5,39.2,51.4
2016,Tripura,-0.4,0.083,0.071,0.41,96.4,2.4,7.5,63.9,31.5,85.3,44.4,37.1,23.6
2017,Tripura,-0.2,-0.121,0.025,0.406,98.6,2.38,6.0,60.4,31.0,85.0,43.1,37.6,23.5
2018,Tripura,0.4,-0.086,0.243,0.414,95.1,2.36,10.8,60.9,32.1,83.3,45.5,37.6,30.4
2019,Tripura,0.4,-0.338,0.115,0.479,94.6,2.35,8.1,59.8,30.2,83.7,45.3,36.0,30.9
2020,Tripura,-0.6,0.063,0.024,0.369,97.9,2.38,9.1,61.1,30.7,84.6,43.6,36.5,23.0
2021,Tripura,-0.6,-0.033,-0.035,0.422,97.5,2.39,8.2,64.3,31.1,86.2,43.2,37.0,23.7
2022,Tripura,-0.8,0.063,0.102,0.414,96.8,2.41,9.2,64.7,30.3,84.8,45.0,37.2,23.5
2023,Tripura,1.4,-0.508,0.252,0.682,89.3,2.33,14.0,61.7,31.1,81.0,46.5,37.7,45.8
2024,Tripura,0.1,-0.354,0.252,0.683,89.3,2.33,14.0,61.7,31.1,81.0,46.5,37.7,45.8
2025,Tripura,-0.1,-0.201,0.253,0.683,89.3,2.33,14.0,61.7,31.1,81.0,46.5,37.7,45.8
2026,Tripura,1.8,-0.201,0.253,0.684,89.3,2.33,14.0,61.7,31.1,81.0,46.5,37.8,45.8
1981,Uttar Pradesh East,-0.2,-0.077,-0.072,0.461,95.7,2.48,12.8,50.8,33.9,85.3,41.5,39.4,26.9
1982,Uttar Pradesh East,1.3,-0.499,0.133,0.738,89.9,2.41,18.2,53.1,34.4,79.0,45.8,40.6,48.7
1983,Uttar Pradesh East,-0.2,-0.061,-0.155,0.437,96.1,2.43,10.3,51.7,33.5,83.2,44.7,39.5,28.8
1984,Uttar Pradesh East,-0.4,-0.071,-0.004,0.477,98.0,2.45,10.8,54.3,33.1,83.6,43.4,39.7,30.7
1985,Uttar Pradesh East,-0.3,0.055,-0.092,0.518,97.8,2.41,12.1,54.7,33.4,82.8,41.5,39.4,28.9
1986,Uttar Pradesh East,0.6,-0.264,-0.011,0.596,92.4,2.43,14.0,51.2,33.7,81.9,42.5,39.1,39.1
1987,Uttar Pradesh East,1.4,-0.409,0.063,0.796,91.7,2.44,17.5,52.4,36.0,77.8,44.9,40.6,49.8
1988,Uttar Pradesh East,-1.3,0.218,-0.207,0.374,94.7,2.46,13.0,51.6,33.8,84.4,44.8,39.8,27.5
1989,Uttar Pradesh East,-0.3,0.002,-0.073,0.453,96.1,2.46,11.5,53.2,32.9,82.6,40.3,40.3,26.9
1990,Uttar Pradesh East,0.3,-0.209,0.003,0.557,95.8,2.47,11.1,54.5,34.2,84.0,42.4,40.9,34.2
1991,Uttar Pradesh East,0.8,-0.318,-0.073,0.702,92.4,2.39,12.3,56.3,34.1,81.5,45.1,40.4,42.6
1992,Uttar Pradesh East,0.0,-0.13,-0.067,0.517,98.0,2.46,12.3,55.6,34.4,84.6,43.3,39.8,27.6
1993,Uttar Pradesh East,0.2,-0.225,0.025,0.582,96.3,2.4,14.5,54.6,33.4,80.3,42.0,40.9,35.3
1994,Uttar Pradesh East,0.4,-0.289,0.034,0.564,96.3,2.37,12.7,53.6,32.1,82.7,45.2,40.2,36.9
1995,Uttar Pradesh East,-0.6,-0.045,-0.075,0.48,98.3,2.44,11.8,55.3,34.1,85.5,43.2,40.2,27.6
1996,Uttar Pradesh East,-0.3,-0.013,-0.078,0.468,95.6,2.43,9.9,56.0,32.9,82.7,41.3,40.1,28.5
1997,Uttar Pradesh East,1.9,-0.613,0.175,0.932,87.0,2.36,19.5,55.4,36.0,77.1,45.4,40.9,58.5
1998,Uttar Pradesh East,-0.9,0.086,-0.097,0.438,95.5,2.46,11.9,58.9,33.5,83.8,44.8,39.1,27.3
1999,Uttar Pradesh East,-1.0,-0.062,-0.204,0.404,97.0,2.46,11.5,57.7,32.9,85.8,43.5,39.8,27.3
2000,Uttar Pradesh East,-0.4,-0.013,-0.014,0.481,95.5,2.44,10.1,55.9,33.8,83.7,42.0,39.2,26.2
2001,Uttar Pradesh East,-0.1,-0.012,-0.011,0.416,99.0,2.48,10.0,56.5,32.2,85.4,44.4,39.3,26.8
2002,Uttar Pradesh East,0.8,-0.445,-0.012,0.631,92.9,2.45,14.0,56.1,33.9,79.7,43.5,40.5,38.6
2003,Uttar Pradesh East,0.2,-0.063,-0.055,0.585,96.7,2.46,12.5,57.1,34.3,83.2,45.6,39.2,31.9
2004,Uttar Pradesh East,0.5,-0.329,-0.017,0.501,99.3,2.43,12.4,56.8,34.0,84.7,44.4,40.3,31.9
2005,Uttar Pradesh East,-0.1,-0.126,0.017,0.442,98.2,2.45,12.3,59.9,32.9,83.9,42.4,39.6,27.3
2006,Uttar Pradesh East,0.4,-0.395,0.055,0.561,95.0,2.43,14.7,58.0,34.1,84.0,43.1,39.2,35.8
2007,Uttar Pradesh East,-0.9,0.005,-0.186,0.533,97.9,2.49,11.8,58.3,32.4,84.2,41.3,38.5,29.9
2008,Uttar Pradesh East,-0.3,-0.047,-0.072,0.495,95.8,2.45,10.8,56.6,33.7,83.5,43.3,40.0,28.7
2009,Uttar Pradesh East,0.7,-0.215,-0.019,0.598,90.2,2.47,12.8,60.8,35.5,81.5,45.5,40.2,37.3
2010,Uttar Pradesh East,-1.3,0.05,-0.104,0.507,94.8,2.38,11.9,59.7,33.4,84.5,43.7,39.8,25.9
2011,Uttar Pradesh East,-0.6,0.084,-0.066,0.488,97.1,2.39,8.6,59.9,34.3,84.8,41.6,39.0,28.6
2012,Uttar Pradesh East,0.4,-0.205,0.04,0.626,97.0,2.39,11.9,56.7,34.5,83.1,44.6,40.1,35.4
2013,Uttar Pradesh East,-0.3,-0.096,0.008,0.577,95.6,2.45,12.1,61.0,33.3,84.8,43.7,39.7,30.6
2014,Uttar Pradesh East,0.2,-0.127,0.059,0.546,95.8,2.46,9.9,57.8,33.5,82.7,44.3,38.8,33.5
2015,Uttar Pradesh East,1.8,-0.481,0.208,0.815,87.5,2.33,19.5,58.8,35.3,78.3,44.0,41.9,56.0
2016,Uttar Pradesh East,-0.4,-0.042,-0.074,0.483,95.5,2.4,10.7,59.6,33.7,84.2,44.8,39.3,27.5
2017,Uttar Pradesh East,-0.2,-0.129,-0.013,0.574,96.3,2.46,11.8,57.8,34.1,85.3,44.2,39.7,27.4
2018,Uttar Pradesh East,0.4,-0.275,-0.012,0.534,96.1,2.44,12.7,58.8,34.7,83.2,43.6,40.2,36.9
2019,Uttar Pradesh East,0.4,-0.21,-0.019,0.604,93.5,2.41,13.6,58.8,34.3,82.7,44.2,40.0,33.5
2020,Uttar Pradesh East,-0.6,-0.082,-0.08,0.431,95.6,2.49,11.6,61.9,33.4,85.1,42.4,39.0,27.4
2021,Uttar Pradesh East,-0.6,0.121,-0.13,0.413,94.1,2.39,12.2,60.8,33.4,85.0,44.3,39.8,27.3
2022,Uttar Pradesh East,-0.8,-0.024,-0.138,0.375,96.5,2.4,11.8,59.7,33.9,84.7,42.9,39.4,26.7
2023,Uttar Pradesh East,1.4,-0.472,0.102,0.75,89.6,2.43,18.2,62.8,35.7,79.9,44.3,41.3,48.8
2024,Uttar Pradesh East,0.1,-0.338,0.103,0.751,89.6,2.43,18.2,62.8,35.7,79.9,44.3,41.4,48.8
2025,Uttar Pradesh East,-0.1,-0.204,0.103,0.751,89.6,2.43,18.2,62.8,35.7,79.9,44.3,41.4,48.8
2026,Uttar Pradesh East,1.8,-0.203,0.104,0.752,89.6,2.43,18.2,62.8,35.7,79.9,44.3,41.4,48.8
1981,Uttar Pradesh West,-0.2,-0.075,-0.07,0.452,94.5,2.46,12.5,50.2,33.3,84.3,41.1,38.6,26.5
1982,Uttar Pradesh West,1.3,-0.489,0.13,0.723,88.9,2.39,17.8,52.5,33.8,78.0,45.2,39.8,48.1
1983,Uttar Pradesh West,-0.2,-0.06,-0.152,0.429,94.9,2.41,10.1,51.1,32.9,82.2,44.1,38.7,28.4
1984,Uttar Pradesh West,-0.4,-0.07,-0.004,0.467,96.8,2.43,10.6,53.7,32.5,82.6,42.8,38.9,30.3
1985,Uttar Pradesh West,-0.3,0.054,-0.09,0.507,96.6,2.39,11.9,54.1,32.8,81.8,41.1,38.6,28.5
1986,Uttar Pradesh West,0.6,-0.259,-0.011,0.585,91.2,2.41,13.7,50.6,33.1,80.9,41.9,38.3,38.7
1987,Uttar Pradesh West,1.4,-0.401,0.062,0.78,90.7,2.42,17.1,51.8,35.3,76.8,44.3,39.8,49.2
1988,Uttar Pradesh West,-1.3,0.214,-0.203,0.367,93.5,2.44,12.7,51.0,33.2,83.4,44.2,39.0,27.1
1989,Uttar Pradesh West,-0.3,0.002,-0.072,0.444,94.9,2.44,11.3,52.6,32.3,81.6,39.9,39.5,26.5
1990,Uttar Pradesh West,0.3,-0.205,0.002,0.546,94.6,2.45,10.9,53.9,33.6,83.0,41.8,40.1,33.8
1991,Uttar Pradesh West,0.8,-0.312,-0.072,0.688,91.2,2.37,12.1,55.7,33.5,80.5,44.5,39.6,42.0
1992,Uttar Pradesh West,0.0,-0.127,-0.065,0.506,96.8,2.44,12.1,55.0,33.8,83.6,42.7,39.0,27.2
1993,Uttar Pradesh West,0.2,-0.22,0.025,0.571,95.1,2.38,14.2,54.0,32.8,79.3,41.4,40.1,34.9
1994,Uttar Pradesh West,0.4,-0.283,0.033,0.553,95.1,2.35,12.5,53.0,31.5,81.7,44.6,39.4,36.5
1995,Uttar Pradesh West,-0.6,-0.044,-0.073,0.471,97.1,2.42,11.6,54.7,33.5,84.5,42.6,39.4,27.2
1996,Uttar Pradesh West,-0.3,-0.013,-0.077,0.459,94.4,2.41,9.7,55.4,32.3,81.7,40.9,39.3,28.1
1997,Uttar Pradesh West,1.9,-0.601,0.172,0.914,86.0,2.34,19.1,54.8,35.3,76.1,44.8,40.1,57.9
1998,Uttar Pradesh West,-0.9,0.085,-0.095,0.429,94.3,2.44,11.7,58.1,32.9,82.8,44.2,38.3,26.9
1999,Uttar Pradesh West,-1.0,-0.061,-0.2,0.396,95.8,2.44,11.3,57.1,32.3,84.8,42.9,39.0,26.9
2000,Uttar Pradesh West,-0.4,-0.013,-0.014,0.471,94.3,2.42,9.9,55.3,33.2,82.7,41.4,38.4,25.8
2001,Uttar Pradesh West,-0.1,-0.011,-0.01,0.408,97.8,2.46,9.8,55.9,31.6,84.4,43.8,38.5,26.4
2002,Uttar Pradesh West,0.8,-0.437,-0.011,0.619,91.7,2.43,13.7,55.5,33.3,78.7,42.9,39.7,38.2
2003,Uttar Pradesh West,0.2,-0.062,-0.054,0.574,95.5,2.44,12.2,56.5,33.7,82.2,45.0,38.4,31.5
2004,Uttar Pradesh West,0.5,-0.322,-0.016,0.492,98.1,2.41,12.2,56.2,33.4,83.7,43.8,39.5,31.5
2005,Uttar Pradesh West,-0.1,-0.124,0.017,0.433,97.0,2.43,12.1,59.1,32.3,82.9,41.8,38.8,26.9
2006,Uttar Pradesh West,0.4,-0.387,0.054,0.55,93.8,2.41,14.4,57.4,33.5,83.0,42.5,38.4,35.4
2007,Uttar Pradesh West,-0.9,0.005,-0.182,0.523,96.7,2.47,11.6,57.7,31.8,83.2,40.9,37.7,29.5
2008,Uttar Pradesh West,-0.3,-0.046,-0.07,0.486,94.6,2.43,10.6,56.0,33.1,82.5,42.7,39.2,28.3
2009,Uttar Pradesh West,0.7,-0.211,-0.018,0.586,89.2,2.45,12.5,60.0,34.8,80.5,44.9,39.4,36.9
2010,Uttar Pradesh West,-1.3,0.049,-0.102,0.497,93.6,2.36,11.7,58.9,32.8,83.5,43.1,39.0,25.5
2011,Uttar Pradesh West,-0.6,0.082,-0.064,0.479,95.9,2.37,8.5,59.1,33.7,83.8,41.2,38.2,28.2
2012,Uttar Pradesh West,0.4,-0.201,0.039,0.614,95.8,2.37,11.7,56.1,33.9,82.1,44.0,39.3,35.0
2013,Uttar Pradesh West,-0.3,-0.094,0.007,0.565,94.4,2.43,11.9,60.2,32.7,83.8,43.1,38.9,30.2
2014,Uttar Pradesh West,0.2,-0.124,0.058,0.535,94.6,2.44,9.7,57.2,32.9,81.7,43.7,38.0,33.1
2015,Uttar Pradesh West,1.8,-0.472,0.204,0.799,86.5,2.31,19.1,58.0,34.6,77.3,43.4,41.0,55.4
2016,Uttar Pradesh West,-0.4,-0.041,-0.072,0.474,94.3,2.38,10.5,58.8,33.1,83.2,44.2,38.5,27.1
2017,Uttar Pradesh West,-0.2,-0.126,-0.013,0.563,95.1,2.44,11.6,57.2,33.5,84.3,43.6,38.9,27.0
2018,Uttar Pradesh West,0.4,-0.269,-0.011,0.523,94.9,2.42,12.4,58.0,34.1,82.2,43.0,39.4,36.5
2019,Uttar Pradesh West,0.4,-0.206,-0.019,0.592,92.3,2.39,13.3,58.0,33.7,81.7,43.6,39.2,33.1
2020,Uttar Pradesh West,-0.6,-0.08,-0.078,0.423,94.4,2.47,11.4,61.1,32.8,84.1,41.8,38.2,27.0
2021,Uttar Pradesh West,-0.6,0.119,-0.127,0.405,92.9,2.37,12.0,60.0,32.8,84.0,43.7,39.0,26.9
2022,Uttar Pradesh West,-0.8,-0.023,-0.135,0.368,95.3,2.38,11.6,58.9,33.3,83.7,42.3,38.6,26.3
2023,Uttar Pradesh West,1.4,-0.463,0.1,0.736,88.6,2.41,17.8,62.0,35.0,78.9,43.7,40.5,48.2
2024,Uttar Pradesh West,0.1,-0.331,0.101,0.736,88.6,2.41,17.8,62.0,35.0,78.9,43.7,40.5,48.2
2025,Uttar Pradesh West,-0.1,-0.2,0.101,0.737,88.6,2.41,17.8,62.0,35.0,78.9,43.7,40.5,48.2
2026,Uttar Pradesh West,1.8,-0.199,0.102,0.737,88.6,2.41,17.8,62.0,35.0,78.9,43.7,40.5,48.2
1981,Maharashtra East,-0.2,-0.11,0.004,0.531,98.6,2.45,9.0,48.5,28.9,82.7,39.8,33.7,26.4
1982,Maharashtra East,1.3,-0.436,0.165,0.691,94.3,2.45,15.6,54.7,31.5,80.1,42.6,36.8,43.6
1983,Maharashtra East,-0.2,-0.005,-0.002,0.456,95.4,2.44,8.3,53.1,29.8,82.5,40.9,33.5,28.5
1984,Maharashtra East,-0.4,0.163,-0.018,0.477,96.7,2.43,9.8,51.8,29.1,82.6,41.3,34.4,27.4
1985,Maharashtra East,-0.3,0.114,-0.062,0.438,96.9,2.44,8.3,51.3,29.8,82.6,40.1,34.4,27.3
1986,Maharashtra East,0.6,-0.164,0.073,0.452,96.2,2.48,12.1,52.6,29.5,78.5,38.7,35.3,30.9
1987,Maharashtra East,1.4,-0.356,0.1,0.729,91.1,2.37,16.3,50.8,31.4,77.2,41.1,36.8,47.0
1988,Maharashtra East,-1.3,0.11,-0.08,0.452,92.9,2.45,10.5,52.9,30.4,83.0,40.2,34.5,26.9
1989,Maharashtra East,-0.3,-0.041,-0.006,0.474,98.2,2.47,9.2,55.0,29.3,84.7,39.0,34.4,29.1
1990,Maharashtra East,0.3,-0.116,0.102,0.556,94.5,2.4,11.4,54.8,30.2,81.1,37.9,35.0,33.1
1991,Maharashtra East,0.8,-0.193,0.206,0.528,94.1,2.4,11.1,54.7,31.2,82.0,40.5,36.0,34.4
1992,Maharashtra East,0.0,-0.06,0.04,0.396,96.7,2.45,11.1,53.4,29.8,84.4,42.1,34.5,26.5
1993,Maharashtra East,0.2,0.026,0.135,0.456,95.7,2.45,10.4,52.5,29.0,82.4,41.0,34.5,31.1
1994,Maharashtra East,0.4,-0.154,0.052,0.522,95.7,2.44,12.4,54.5,31.0,81.1,43.6,35.6,31.4
1995,Maharashtra East,-0.6,0.102,-0.078,0.396,97.7,2.45,7.8,53.5,29.9,81.3,42.5,35.8,24.8
1996,Maharashtra East,-0.3,-0.153,0.011,0.469,95.5,2.41,8.3,54.9,30.1,83.4,40.5,34.1,26.0
1997,Maharashtra East,1.9,-0.638,0.234,0.774,92.3,2.4,17.2,55.4,30.6,76.1,45.3,35.2,53.6
1998,Maharashtra East,-0.9,0.133,-0.078,0.491,96.2,2.41,9.2,57.6,30.2,82.7,41.5,34.4,27.3
1999,Maharashtra East,-1.0,0.146,-0.09,0.462,93.6,2.46,10.1,58.8,30.2,82.2,39.2,33.8,27.4
2000,Maharashtra East,-0.4,0.008,0.092,0.443,94.7,2.49,7.7,55.2,29.2,82.9,39.1,35.0,23.5
2001,Maharashtra East,-0.1,-0.054,0.007,0.452,95.8,2.45,10.5,54.7,30.1,82.2,38.7,34.7,24.5
2002,Maharashtra East,0.8,-0.173,0.124,0.555,97.6,2.44,11.1,54.5,29.7,80.4,41.9,35.0,37.1
2003,Maharashtra East,0.2,0.003,0.086,0.476,97.5,2.47,10.0,56.7,29.8,83.1,41.4,35.3,25.8
2004,Maharashtra East,0.5,-0.266,0.108,0.582,95.4,2.41,10.0,55.0,30.5,81.7,42.9,34.9,36.6
2005,Maharashtra East,-0.1,-0.034,0.111,0.369,97.1,2.41,7.8,56.7,29.3,83.4,37.6,33.1,24.0
2006,Maharashtra East,0.4,-0.062,0.044,0.49,98.6,2.42,10.7,56.1,30.3,82.9,40.7,35.6,29.7
2007,Maharashtra East,-0.9,0.021,-0.019,0.453,97.7,2.46,7.1,56.5,29.3,82.1,40.2,33.9,27.9
2008,Maharashtra East,-0.3,-0.078,0.056,0.42,94.0,2.39,10.0,58.6,29.3,82.9,42.0,34.7,25.4
2009,Maharashtra East,0.7,-0.324,0.15,0.592,94.1,2.43,13.0,56.6,30.2,81.1,41.1,35.8,35.1
2010,Maharashtra East,-1.3,0.244,-0.074,0.4,94.6,2.44,9.2,53.7,30.0,83.7,41.0,33.1,27.9
2011,Maharashtra East,-0.6,0.086,0.046,0.44,96.4,2.44,9.8,57.8,29.4,83.0,42.3,34.1,25.7
2012,Maharashtra East,0.4,-0.191,0.08,0.519,95.3,2.45,10.6,59.7,30.3,82.0,40.9,35.2,31.2
2013,Maharashtra East,-0.3,0.004,-0.0,0.376,96.5,2.46,10.0,59.7,29.9,82.6,39.6,34.3,25.2
2014,Maharashtra East,0.2,-0.152,0.136,0.528,95.8,2.45,9.0,57.5,30.7,83.6,39.8,35.3,33.7
2015,Maharashtra East,1.8,-0.402,0.186,0.774,89.3,2.33,17.1,58.4,30.1,75.7,41.1,37.0,51.1
2016,Maharashtra East,-0.4,-0.104,0.038,0.42,100.1,2.45,8.6,59.0,29.8,82.6,38.2,32.5,24.8
2017,Maharashtra East,-0.2,0.129,0.061,0.454,96.6,2.44,10.9,59.6,30.0,82.7,40.2,33.6,27.2
2018,Maharashtra East,0.4,-0.236,0.084,0.498,95.7,2.43,9.9,62.1,29.9,81.9,41.3,35.2,31.8
2019,Maharashtra East,0.4,-0.182,0.074,0.533,97.1,2.44,11.3,58.7,29.9,83.4,42.9,35.7,32.0
2020,Maharashtra East,-0.6,0.026,0.022,0.44,97.3,2.43,9.6,61.3,29.3,83.4,41.4,34.6,24.9
2021,Maharashtra East,-0.6,0.06,0.062,0.373,97.1,2.46,10.3,61.6,29.1,83.7,40.3,34.2,24.8
2022,Maharashtra East,-0.8,-0.028,-0.018,0.478,96.8,2.38,9.6,60.9,29.0,83.4,39.6,33.7,24.9
2023,Maharashtra East,1.4,-0.44,0.224,0.74,89.6,2.4,15.1,63.2,30.9,77.9,42.4,34.8,46.4
2024,Maharashtra East,0.1,-0.145,0.224,0.741,89.6,2.4,15.1,63.2,30.9,77.9,42.4,34.8,46.4
2025,Maharashtra East,-0.1,0.15,0.224,0.742,89.6,2.4,15.1,63.2,30.9,77.9,42.4,34.8,46.4
2026,Maharashtra East,1.8,0.15,0.225,0.742,89.6,2.4,15.1,63.2,30.9,77.9,42.4,34.8,46.4
1981,Maharashtra West,-0.2,-0.111,0.004,0.539,98.8,2.45,9.1,48.6,29.4,82.9,39.8,34.2,26.5
1982,Maharashtra West,1.3,-0.443,0.168,0.702,94.5,2.45,15.8,54.8,32.0,80.3,42.7,37.4,43.7
1983,Maharashtra West,-0.2,-0.005,-0.003,0.463,95.6,2.44,8.4,53.2,30.3,82.7,40.9,34.0,28.6
1984,Maharashtra West,-0.4,0.166,-0.018,0.485,96.9,2.43,10.0,51.9,29.6,82.8,41.3,35.0,27.5
1985,Maharashtra West,-0.3,0.115,-0.064,0.446,97.1,2.44,8.4,51.4,30.3,82.8,40.1,35.0,27.4
1986,Maharashtra West,0.6,-0.167,0.074,0.459,96.4,2.48,12.3,52.7,30.0,78.7,38.7,35.9,31.0
1987,Maharashtra West,1.4,-0.361,0.102,0.741,91.3,2.37,16.6,50.9,31.9,77.4,41.1,37.4,47.1
1988,Maharashtra West,-1.3,0.112,-0.082,0.46,93.1,2.45,10.7,53.0,30.9,83.2,40.2,35.1,27.0
1989,Maharashtra West,-0.3,-0.042,-0.006,0.482,98.4,2.47,9.3,55.1,29.8,84.9,39.0,34.9,29.2
1990,Maharashtra West,0.3,-0.117,0.104,0.564,94.7,2.4,11.6,54.9,30.7,81.3,37.9,35.6,33.2
1991,Maharashtra West,0.8,-0.196,0.209,0.536,94.3,2.4,11.3,54.8,31.7,82.2,40.5,36.6,34.5
1992,Maharashtra West,0.0,-0.06,0.04,0.402,96.9,2.45,11.3,53.5,30.3,84.6,42.2,35.1,26.6
1993,Maharashtra West,0.2,0.026,0.137,0.463,95.9,2.45,10.6,52.6,29.5,82.6,41.0,35.1,31.2
1994,Maharashtra West,0.4,-0.157,0.053,0.531,95.9,2.44,12.6,54.6,31.5,81.3,43.7,36.2,31.5
1995,Maharashtra West,-0.6,0.103,-0.079,0.402,97.9,2.45,7.9,53.6,30.4,81.5,42.6,36.4,24.9
1996,Maharashtra West,-0.3,-0.155,0.011,0.477,95.7,2.41,8.4,55.0,30.6,83.6,40.5,34.6,26.1
1997,Maharashtra West,1.9,-0.648,0.237,0.786,92.5,2.4,17.5,55.5,31.1,76.3,45.4,35.8,53.7
1998,Maharashtra West,-0.9,0.135,-0.079,0.499,96.4,2.41,9.3,57.7,30.7,82.9,41.6,35.0,27.4
1999,Maharashtra West,-1.0,0.149,-0.091,0.47,93.8,2.46,10.3,59.0,30.7,82.4,39.2,34.3,27.5
2000,Maharashtra West,-0.4,0.008,0.093,0.45,94.9,2.5,7.8,55.3,29.7,83.1,39.1,35.6,23.5
2001,Maharashtra West,-0.1,-0.054,0.007,0.46,96.0,2.45,10.7,54.8,30.6,82.4,38.7,35.3,24.5
2002,Maharashtra West,0.8,-0.175,0.127,0.563,97.8,2.44,11.3,54.6,30.2,80.6,42.0,35.6,37.2
2003,Maharashtra West,0.2,0.003,0.087,0.484,97.7,2.47,10.2,56.8,30.3,83.3,41.5,35.9,25.9
2004,Maharashtra West,0.5,-0.271,0.109,0.592,95.6,2.41,10.2,55.1,31.0,81.9,43.0,35.5,36.7
2005,Maharashtra West,-0.1,-0.035,0.113,0.375,97.3,2.41,7.9,56.8,29.8,83.6,37.6,33.6,24.0
2006,Maharashtra West,0.4,-0.062,0.045,0.498,98.8,2.42,10.9,56.2,30.8,83.1,40.7,36.2,29.8
2007,Maharashtra West,-0.9,0.021,-0.019,0.46,97.9,2.46,7.2,56.6,29.8,82.3,40.2,34.4,28.0
2008,Maharashtra West,-0.3,-0.08,0.056,0.427,94.2,2.39,10.2,58.8,29.8,83.1,42.1,35.3,25.5
2009,Maharashtra West,0.7,-0.33,0.153,0.602,94.3,2.43,13.2,56.7,30.7,81.3,41.1,36.4,35.2
2010,Maharashtra West,-1.3,0.248,-0.075,0.406,94.8,2.44,9.3,53.8,30.5,83.9,41.0,33.6,28.0
2011,Maharashtra West,-0.6,0.088,0.046,0.448,96.6,2.44,10.0,57.9,29.9,83.2,42.4,34.6,25.8
2012,Maharashtra West,0.4,-0.194,0.081,0.527,95.5,2.45,10.8,59.9,30.8,82.2,40.9,35.8,31.3
2013,Maharashtra West,-0.3,0.004,-0.001,0.382,96.7,2.46,10.2,59.9,30.4,82.8,39.6,34.8,25.3
2014,Maharashtra West,0.2,-0.154,0.138,0.536,96.0,2.45,9.1,57.6,31.2,83.8,39.8,35.9,33.8
2015,Maharashtra West,1.8,-0.408,0.188,0.786,89.4,2.33,17.4,58.6,30.6,75.9,41.1,37.6,51.2
2016,Maharashtra West,-0.4,-0.106,0.039,0.427,100.3,2.45,8.7,59.2,30.3,82.8,38.2,33.0,24.9
2017,Maharashtra West,-0.2,0.131,0.062,0.461,96.8,2.44,11.1,59.8,30.5,82.9,40.2,34.1,27.3
2018,Maharashtra West,0.4,-0.239,0.086,0.506,95.9,2.43,10.1,62.2,30.4,82.1,41.3,35.8,31.9
2019,Maharashtra West,0.4,-0.185,0.075,0.542,97.3,2.44,11.5,58.9,30.4,83.6,43.0,36.3,32.1
2020,Maharashtra West,-0.6,0.027,0.023,0.448,97.5,2.43,9.8,61.5,29.8,83.6,41.5,35.2,25.0
2021,Maharashtra West,-0.6,0.061,0.063,0.379,97.3,2.46,10.5,61.8,29.6,83.9,40.3,34.7,24.8
2022,Maharashtra West,-0.8,-0.029,-0.019,0.486,97.0,2.38,9.8,61.1,29.5,83.6,39.6,34.2,25.0
2023,Maharashtra West,1.4,-0.447,0.227,0.752,89.7,2.4,15.3,63.3,31.4,78.1,42.5,35.4,46.5
2024,Maharashtra West,0.1,-0.147,0.228,0.753,89.7,2.4,15.3,63.3,31.4,78.1,42.5,35.4,46.5
2025,Maharashtra West,-0.1,0.152,0.228,0.753,89.7,2.4,15.3,63.3,31.4,78.1,42.5,35.4,46.5
2026,Maharashtra West,1.8,0.152,0.229,0.754,89.7,2.4,15.3,63.3,31.4,78.1,42.5,35.4,46.5
1981,Rajasthan East,-0.2,0.033,0.049,0.397,98.0,2.43,7.9,51.3,30.8,84.3,42.8,38.2,25.5
1982,Rajasthan East,1.3,-0.443,0.311,0.701,92.8,2.36,12.4,55.4,32.4,80.0,43.3,38.5,43.1
1983,Rajasthan East,-0.2,-0.104,0.097,0.435,96.4,2.41,7.9,55.2,30.6,83.7,40.3,36.3,25.7
1984,Rajasthan East,-0.4,-0.012,0.109,0.402,95.2,2.42,8.2,53.3,30.7,83.2,38.5,37.4,25.2
1985,Rajasthan East,-0.3,0.026,0.128,0.414,95.0,2.41,5.9,50.6,30.0,83.7,40.9,37.7,25.6
1986,Rajasthan East,0.6,-0.435,0.241,0.516,93.8,2.37,9.4,53.9,31.3,81.9,38.1,36.7,34.3
1987,Rajasthan East,1.4,-0.316,0.335,0.719,91.6,2.35,12.6,55.5,31.1,79.1,41.0,39.3,48.0
1988,Rajasthan East,-1.3,0.197,-0.012,0.387,94.7,2.42,5.3,58.2,30.7,86.1,44.1,37.1,25.0
1989,Rajasthan East,-0.3,0.094,0.003,0.437,96.6,2.4,7.5,56.0,31.9,85.2,40.2,37.1,27.6
1990,Rajasthan East,0.3,-0.312,0.159,0.452,96.8,2.41,8.9,52.7,30.2,82.1,43.4,37.5,28.1
1991,Rajasthan East,0.8,-0.275,0.088,0.555,93.6,2.39,11.2,58.0,30.6,81.1,42.7,38.0,36.5
1992,Rajasthan East,0.0,-0.346,0.123,0.495,96.8,2.4,7.9,54.7,29.3,84.1,41.5,38.1,26.7
1993,Rajasthan East,0.2,-0.303,0.13,0.446,96.4,2.39,7.2,55.6,30.7,82.3,40.7,37.4,26.2
1994,Rajasthan East,0.4,-0.211,0.148,0.529,94.2,2.41,9.9,53.2,31.3,80.1,39.4,37.6,36.0
1995,Rajasthan East,-0.6,-0.168,0.04,0.447,95.2,2.4,7.6,55.9,30.2,84.0,39.4,37.1,25.2
1996,Rajasthan East,-0.3,-0.117,0.114,0.384,94.5,2.4,7.8,55.5,29.6,85.8,43.2,36.5,25.8
1997,Rajasthan East,1.9,-0.598,0.403,0.756,89.6,2.35,14.3,55.0,32.6,76.9,42.8,38.8,53.9
1998,Rajasthan East,-0.9,0.134,0.035,0.403,96.7,2.41,6.5,57.4,30.3,83.2,41.4,36.3,26.8
1999,Rajasthan East,-1.0,-0.01,-0.023,0.425,97.2,2.43,8.4,59.1,30.4,83.8,40.7,37.3,27.9
2000,Rajasthan East,-0.4,-0.046,0.095,0.404,97.6,2.46,6.4,57.4,31.0,85.9,41.8,36.7,24.9
2001,Rajasthan East,-0.1,-0.068,0.08,0.45,97.4,2.46,9.0,58.0,30.4,83.9,43.3,36.4,26.1
2002,Rajasthan East,0.8,-0.099,0.346,0.562,95.0,2.39,9.3,56.1,30.4,81.9,42.3,37.3,35.8
2003,Rajasthan East,0.2,-0.151,0.064,0.433,93.3,2.39,7.1,59.4,30.5,83.9,38.1,38.4,25.9
2004,Rajasthan East,0.5,-0.092,0.206,0.51,94.2,2.39,9.2,56.7,30.7,83.0,41.3,37.2,33.1
2005,Rajasthan East,-0.1,-0.072,0.111,0.371,94.7,2.41,10.1,59.6,31.0,85.3,41.5,36.0,25.0
2006,Rajasthan East,0.4,-0.197,0.137,0.52,95.3,2.39,10.1,55.1,30.5,80.7,43.1,37.6,33.4
2007,Rajasthan East,-0.9,0.116,-0.001,0.47,95.1,2.41,8.8,55.8,30.0,85.8,40.0,37.6,28.0
2008,Rajasthan East,-0.3,0.013,0.069,0.44,98.2,2.37,7.5,59.5,31.1,84.8,39.1,37.9,25.5
2009,Rajasthan East,0.7,-0.123,0.209,0.496,92.2,2.37,10.8,60.4,31.5,82.6,42.6,38.0,34.5
2010,Rajasthan East,-1.3,0.27,0.033,0.421,94.4,2.39,7.4,57.6,30.7,84.4,41.3,36.1,26.8
2011,Rajasthan East,-0.6,0.085,-0.022,0.425,95.0,2.37,8.8,59.9,29.3,82.7,41.9,36.7,27.8
2012,Rajasthan East,0.4,-0.193,0.045,0.556,97.1,2.42,8.9,59.3,31.2,85.0,40.9,37.0,30.3
2013,Rajasthan East,-0.3,0.02,0.051,0.494,97.1,2.49,7.3,59.0,30.0,84.7,41.2,36.8,25.5
2014,Rajasthan East,0.2,-0.175,0.193,0.517,94.4,2.38,8.7,61.5,30.8,83.7,40.7,36.1,30.2
2015,Rajasthan East,1.8,-0.647,0.294,0.76,88.2,2.32,16.4,58.7,32.4,80.7,42.6,40.0,51.7
2016,Rajasthan East,-0.4,-0.049,0.062,0.404,96.4,2.44,5.8,60.1,31.0,84.8,43.2,37.0,23.0
2017,Rajasthan East,-0.2,0.049,0.046,0.409,95.6,2.39,8.0,61.5,29.4,84.6,40.9,37.4,27.5
2018,Rajasthan East,0.4,-0.09,0.226,0.517,94.8,2.44,9.2,59.4,30.5,84.2,41.3,38.4,30.5
2019,Rajasthan East,0.4,-0.135,0.109,0.511,98.2,2.43,9.5,62.1,31.1,82.4,42.9,37.0,27.6
2020,Rajasthan East,-0.6,0.244,0.072,0.395,95.4,2.39,7.3,64.0,29.7,84.3,37.4,35.8,25.7
2021,Rajasthan East,-0.6,0.047,0.112,0.425,96.1,2.43,8.4,60.6,29.6,84.9,40.1,36.4,26.7
2022,Rajasthan East,-0.8,0.132,0.034,0.449,94.9,2.4,8.4,63.6,31.0,83.3,43.0,37.3,26.7
2023,Rajasthan East,1.4,-0.509,0.278,0.692,89.7,2.36,14.1,63.1,31.0,82.2,44.5,38.1,45.3
2024,Rajasthan East,0.1,-0.121,0.279,0.692,89.7,2.36,14.1,63.1,31.0,82.2,44.5,38.1,45.3
2025,Rajasthan East,-0.1,0.268,0.279,0.693,89.7,2.36,14.1,63.1,31.0,82.2,44.5,38.1,45.3
2026,Rajasthan East,1.8,0.269,0.28,0.693,89.7,2.36,14.1,63.1,31.0,82.2,44.5,38.1,45.3
1981,Rajasthan West,-0.2,0.034,0.05,0.403,98.2,2.43,8.0,51.4,31.3,84.5,42.9,38.9,25.6
1982,Rajasthan West,1.3,-0.45,0.316,0.712,93.0,2.36,12.6,55.5,32.9,80.2,43.4,39.2,43.2
1983,Rajasthan West,-0.2,-0.106,0.099,0.442,96.6,2.41,8.0,55.3,31.1,83.9,40.4,36.8,25.8
1984,Rajasthan West,-0.4,-0.012,0.11,0.409,95.4,2.42,8.3,53.4,31.2,83.4,38.6,38.1,25.3
1985,Rajasthan West,-0.3,0.027,0.13,0.42,95.2,2.41,6.0,50.7,30.5,83.9,41.0,38.4,25.7
1986,Rajasthan West,0.6,-0.442,0.245,0.524,94.0,2.37,9.5,54.0,31.8,82.1,38.2,37.2,34.4
1987,Rajasthan West,1.4,-0.321,0.341,0.73,91.8,2.35,12.8,55.6,31.6,79.3,41.1,40.0,48.1
1988,Rajasthan West,-1.3,0.2,-0.013,0.393,94.9,2.42,5.4,58.3,31.2,86.3,44.2,37.7,25.0
1989,Rajasthan West,-0.3,0.095,0.003,0.444,96.8,2.4,7.6,56.1,32.4,85.4,40.3,37.6,27.7
1990,Rajasthan West,0.3,-0.317,0.161,0.459,97.0,2.41,9.0,52.8,30.7,82.3,43.5,38.2,28.2
1991,Rajasthan West,0.8,-0.279,0.089,0.564,93.8,2.39,11.3,58.1,31.1,81.3,42.8,38.7,36.6
1992,Rajasthan West,0.0,-0.352,0.125,0.502,97.0,2.4,8.0,54.8,29.8,84.3,41.6,38.8,26.8
1993,Rajasthan West,0.2,-0.308,0.133,0.453,96.6,2.39,7.3,55.7,31.2,82.5,40.8,38.0,26.3
1994,Rajasthan West,0.4,-0.214,0.15,0.538,94.4,2.41,10.0,53.3,31.8,80.3,39.5,38.2,36.1
1995,Rajasthan West,-0.6,-0.171,0.041,0.454,95.4,2.4,7.7,56.0,30.7,84.2,39.5,37.7,25.3
1996,Rajasthan West,-0.3,-0.118,0.115,0.391,94.7,2.4,7.9,55.6,30.1,86.0,43.3,37.0,25.9
1997,Rajasthan West,1.9,-0.608,0.409,0.769,89.8,2.35,14.6,55.1,33.1,77.1,42.9,39.5,54.0
1998,Rajasthan West,-0.9,0.137,0.035,0.41,96.9,2.41,6.6,57.5,30.8,83.4,41.5,36.8,26.9
1999,Rajasthan West,-1.0,-0.011,-0.024,0.432,97.4,2.43,8.5,59.2,30.9,84.0,40.8,37.8,28.0
2000,Rajasthan West,-0.4,-0.047,0.096,0.411,97.8,2.46,6.5,57.5,31.5,86.1,41.9,37.2,24.9
2001,Rajasthan West,-0.1,-0.069,0.081,0.457,97.6,2.46,9.1,58.1,30.9,84.1,43.4,36.9,26.2
2002,Rajasthan West,0.8,-0.101,0.352,0.571,95.2,2.39,9.4,56.2,30.9,82.1,42.4,37.9,35.9
2003,Rajasthan West,0.2,-0.154,0.065,0.44,93.5,2.39,7.2,59.5,31.0,84.1,38.2,39.1,26.0
2004,Rajasthan West,0.5,-0.094,0.209,0.519,94.4,2.39,9.3,56.8,31.2,83.2,41.4,37.8,33.2
2005,Rajasthan West,-0.1,-0.073,0.112,0.376,94.9,2.41,10.2,59.7,31.5,85.5,41.6,36.5,25.0
2006,Rajasthan West,0.4,-0.2,0.139,0.529,95.5,2.39,10.2,55.2,31.0,80.9,43.2,38.3,33.5
2007,Rajasthan West,-0.9,0.117,-0.001,0.478,95.3,2.41,8.9,55.9,30.5,86.0,40.1,38.3,28.1
2008,Rajasthan West,-0.3,0.014,0.07,0.447,98.4,2.37,7.6,59.6,31.6,85.0,39.2,38.6,25.6
2009,Rajasthan West,0.7,-0.125,0.212,0.505,92.4,2.37,10.9,60.5,32.0,82.8,42.7,38.7,34.6
2010,Rajasthan West,-1.3,0.274,0.033,0.428,94.6,2.39,7.5,57.7,31.2,84.6,41.4,36.6,26.9
2011,Rajasthan West,-0.6,0.087,-0.023,0.432,95.2,2.37,8.9,60.0,29.8,82.9,42.0,37.2,27.9
2012,Rajasthan West,0.4,-0.196,0.046,0.565,97.3,2.42,9.0,59.4,31.7,85.2,41.0,37.5,30.4
2013,Rajasthan West,-0.3,0.021,0.052,0.501,97.3,2.49,7.4,59.1,30.5,84.9,41.3,37.3,25.6
2014,Rajasthan West,0.2,-0.178,0.196,0.525,94.6,2.38,8.8,61.6,31.3,83.9,40.8,36.6,30.3
2015,Rajasthan West,1.8,-0.657,0.299,0.773,88.4,2.32,16.7,58.8,32.9,80.9,42.7,40.7,51.8
2016,Rajasthan West,-0.4,-0.05,0.063,0.41,96.6,2.44,5.9,60.2,31.5,85.0,43.3,37.5,23.0
2017,Rajasthan West,-0.2,0.05,0.047,0.416,95.8,2.39,8.1,61.6,29.9,84.8,41.0,38.1,27.6
2018,Rajasthan West,0.4,-0.092,0.229,0.526,95.0,2.44,9.3,59.5,31.0,84.4,41.4,39.1,30.6
2019,Rajasthan West,0.4,-0.138,0.11,0.519,98.4,2.43,9.6,62.2,31.6,82.6,43.0,37.5,27.7
2020,Rajasthan West,-0.6,0.247,0.073,0.401,95.6,2.39,7.4,64.1,30.2,84.5,37.5,36.3,25.8
2021,Rajasthan West,-0.6,0.048,0.113,0.432,96.3,2.43,8.5,60.7,30.1,85.1,40.2,36.9,26.8
2022,Rajasthan West,-0.8,0.134,0.035,0.456,95.1,2.4,8.5,63.7,31.5,83.5,43.1,37.9,26.8
2023,Rajasthan West,1.4,-0.518,0.283,0.703,89.9,2.36,14.4,63.2,31.5,82.4,44.6,38.8,45.4
2024,Rajasthan West,0.1,-0.122,0.283,0.703,89.9,2.36,14.4,63.2,31.5,82.4,44.6,38.8,45.4
2025,Rajasthan West,-0.1,0.273,0.284,0.704,89.9,2.36,14.4,63.2,31.5,82.4,44.6,38.8,45.4
2026,Rajasthan West,1.8,0.273,0.284,0.704,89.9,2.36,14.4,63.2,31.5,82.4,44.6,38.8,45.4
1981,Gujarat North,-0.2,-0.148,-0.062,0.507,97.9,2.45,11.3,51.1,29.4,84.5,39.9,36.8,27.8
1982,Gujarat North,1.3,-0.603,0.163,0.718,89.2,2.37,15.8,51.8,32.2,79.8,42.3,38.4,46.5
1983,Gujarat North,-0.2,-0.11,0.03,0.47,96.4,2.41,8.8,47.7,29.0,82.3,39.9,35.0,27.3
1984,Gujarat North,-0.4,0.093,-0.116,0.44,97.4,2.48,8.7,50.2,28.5,83.2,39.8,35.9,26.0
1985,Gujarat North,-0.3,-0.066,-0.046,0.522,97.1,2.39,10.0,49.0,30.0,83.2,40.3,35.4,31.1
1986,Gujarat North,0.6,-0.335,0.043,0.551,91.8,2.45,12.0,51.5,29.1,81.5,39.2,37.1,34.2
1987,Gujarat North,1.4,-0.558,0.156,0.79,91.0,2.35,16.8,53.1,30.1,77.9,43.2,37.1,50.7
1988,Gujarat North,-1.3,0.026,-0.116,0.432,94.2,2.44,8.8,50.3,30.2,83.7,40.1,36.1,29.4
1989,Gujarat North,-0.3,-0.114,-0.051,0.475,97.6,2.48,10.2,53.0,28.7,84.3,40.5,36.3,26.1
1990,Gujarat North,0.3,-0.366,0.004,0.524,95.6,2.41,11.9,52.0,28.9,82.1,40.2,36.7,33.0
1991,Gujarat North,0.8,-0.369,0.175,0.613,96.1,2.38,12.7,52.7,30.1,80.4,41.0,35.8,36.7
1992,Gujarat North,0.0,-0.262,-0.08,0.478,97.2,2.4,10.4,52.7,29.4,81.3,41.0,35.7,29.5
1993,Gujarat North,0.2,-0.356,0.088,0.5,97.2,2.46,11.9,53.8,30.9,84.8,41.5,36.2,31.4
1994,Gujarat North,0.4,-0.318,0.038,0.577,96.8,2.43,12.2,50.7,31.0,80.5,40.5,35.7,33.5
1995,Gujarat North,-0.6,-0.119,-0.062,0.402,98.5,2.38,9.8,54.1,29.3,83.8,40.0,35.2,27.5
1996,Gujarat North,-0.3,-0.104,-0.047,0.382,95.3,2.42,10.6,54.4,30.0,83.9,39.9,36.1,24.0
1997,Gujarat North,1.9,-0.615,0.206,0.87,90.0,2.38,16.8,54.2,31.2,78.0,41.8,37.9,55.5
1998,Gujarat North,-0.9,0.091,-0.084,0.473,96.6,2.38,10.0,55.8,30.8,84.7,41.5,37.2,28.3
1999,Gujarat North,-1.0,0.014,-0.08,0.458,96.1,2.41,9.7,55.6,29.1,84.8,40.9,34.6,26.4
2000,Gujarat North,-0.4,-0.107,-0.082,0.527,96.4,2.4,11.4,52.3,29.9,83.5,41.5,35.9,31.2
2001,Gujarat North,-0.1,-0.126,-0.02,0.446,95.4,2.41,8.7,53.4,29.9,83.7,40.1,35.7,25.4
2002,Gujarat North,0.8,-0.252,0.052,0.598,94.9,2.37,12.3,54.4,31.5,79.8,42.0,36.5,39.5
2003,Gujarat North,0.2,-0.244,-0.01,0.565,96.7,2.47,9.8,54.7,30.2,82.6,42.3,37.0,29.0
2004,Gujarat North,0.5,-0.29,0.017,0.574,94.2,2.42,10.9,56.0,30.7,83.6,40.9,36.0,36.7
2005,Gujarat North,-0.1,-0.097,-0.025,0.47,94.2,2.5,9.2,57.7,30.2,84.5,40.8,35.7,25.3
2006,Gujarat North,0.4,-0.346,0.066,0.542,96.9,2.38,13.2,58.9,29.3,82.0,41.3,36.9,33.1
2007,Gujarat North,-0.9,-0.025,-0.064,0.391,93.6,2.42,8.7,55.1,30.2,83.3,40.4,36.0,26.3
2008,Gujarat North,-0.3,-0.108,-0.085,0.476,98.9,2.49,9.1,57.1,29.5,84.9,39.2,36.2,28.3
2009,Gujarat North,0.7,-0.39,0.132,0.624,95.2,2.43,11.2,56.6,31.0,81.2,40.1,36.3,38.9
2010,Gujarat North,-1.3,0.12,-0.108,0.377,96.0,2.44,8.1,55.6,29.8,83.2,41.5,33.7,26.9
2011,Gujarat North,-0.6,0.044,-0.06,0.454,92.7,2.46,9.2,57.4,30.3,86.0,41.7,35.2,26.8
2012,Gujarat North,0.4,-0.23,-0.008,0.543,94.2,2.45,11.8,56.6,30.1,82.6,40.9,36.1,32.7
2013,Gujarat North,-0.3,-0.238,-0.012,0.506,98.2,2.43,10.0,55.4,28.6,82.6,40.8,36.0,28.4
2014,Gujarat North,0.2,-0.303,0.032,0.554,94.9,2.46,10.5,58.8,28.5,84.9,41.8,35.3,34.1
2015,Gujarat North,1.8,-0.542,0.27,0.833,89.8,2.4,17.4,59.0,31.6,75.9,43.9,39.1,56.6
2016,Gujarat North,-0.4,-0.224,-0.104,0.486,94.2,2.47,9.8,57.3,29.2,84.6,42.0,35.2,28.7
2017,Gujarat North,-0.2,-0.123,-0.057,0.463,96.9,2.46,9.2,57.6,29.2,83.8,39.4,35.2,27.6
2018,Gujarat North,0.4,-0.33,0.026,0.624,97.1,2.4,11.1,60.2,29.8,83.0,41.5,37.5,35.1
2019,Gujarat North,0.4,-0.343,0.055,0.56,96.3,2.38,9.3,59.5,30.9,84.3,41.2,36.9,30.6
2020,Gujarat North,-0.6,-0.088,-0.056,0.394,95.8,2.43,9.4,58.8,29.8,85.8,38.7,36.4,24.4
2021,Gujarat North,-0.6,-0.119,-0.094,0.513,95.0,2.45,7.7,57.5,29.6,83.6,40.2,36.6,28.3
2022,Gujarat North,-0.8,-0.072,-0.1,0.482,95.7,2.44,10.1,61.8,28.8,83.0,39.0,36.5,26.5
2023,Gujarat North,1.4,-0.402,0.124,0.744,90.7,2.36,15.9,62.3,31.3,83.2,43.3,38.6,49.1
2024,Gujarat North,0.1,-0.126,0.124,0.744,90.7,2.36,15.9,62.3,31.3,83.2,43.3,38.6,49.1
2025,Gujarat North,-0.1,0.15,0.124,0.744,90.7,2.36,15.9,62.3,31.3,83.2,43.3,38.6,49.1
2026,Gujarat North,1.8,0.15,0.125,0.745,90.7,2.36,15.9,62.3,31.3,83.2,43.3,38.6,49.1
1981,Gujarat South,-0.2,-0.147,-0.061,0.504,96.7,2.43,11.3,50.5,29.3,83.5,39.5,36.7,27.4
1982,Gujarat South,1.3,-0.601,0.162,0.715,88.2,2.35,15.7,51.2,32.1,78.8,41.7,38.2,45.9
1983,Gujarat South,-0.2,-0.109,0.03,0.468,95.2,2.39,8.8,47.1,28.9,81.3,39.5,34.9,26.9
1984,Gujarat South,-0.4,0.093,-0.116,0.438,96.2,2.46,8.7,49.6,28.4,82.2,39.4,35.8,25.6
1985,Gujarat South,-0.3,-0.065,-0.046,0.519,95.9,2.37,10.0,48.4,29.9,82.2,39.9,35.3,30.7
1986,Gujarat South,0.6,-0.334,0.043,0.549,90.8,2.43,12.0,50.9,29.0,80.5,38.8,37.0,33.8
1987,Gujarat South,1.4,-0.555,0.156,0.786,90.0,2.33,16.7,52.5,30.0,76.9,42.6,37.0,50.1
1988,Gujarat South,-1.3,0.025,-0.116,0.431,93.0,2.42,8.8,49.7,30.1,82.7,39.7,36.0,29.0
1989,Gujarat South,-0.3,-0.114,-0.051,0.473,96.4,2.46,10.2,52.4,28.6,83.3,40.1,36.2,25.7
1990,Gujarat South,0.3,-0.364,0.003,0.521,94.4,2.39,11.9,51.4,28.8,81.1,39.8,36.6,32.6
1991,Gujarat South,0.8,-0.368,0.174,0.611,94.9,2.36,12.6,52.1,30.0,79.4,40.6,35.7,36.3
1992,Gujarat South,0.0,-0.26,-0.08,0.476,96.0,2.38,10.4,52.1,29.3,80.3,40.6,35.6,29.1
1993,Gujarat South,0.2,-0.355,0.088,0.498,96.0,2.44,11.9,53.2,30.8,83.8,41.1,36.1,31.0
1994,Gujarat South,0.4,-0.316,0.038,0.575,95.6,2.41,12.2,50.1,30.9,79.5,40.1,35.6,33.1
1995,Gujarat South,-0.6,-0.118,-0.061,0.401,97.3,2.36,9.8,53.5,29.2,82.8,39.6,35.1,27.1
1996,Gujarat South,-0.3,-0.104,-0.047,0.38,94.1,2.4,10.6,53.8,29.9,82.9,39.5,36.0,23.8
1997,Gujarat South,1.9,-0.613,0.206,0.867,89.0,2.36,16.7,53.6,31.1,77.0,41.4,37.7,54.9
1998,Gujarat South,-0.9,0.091,-0.084,0.471,95.4,2.36,10.0,55.2,30.7,83.7,41.1,37.1,27.9
1999,Gujarat South,-1.0,0.014,-0.08,0.457,94.9,2.39,9.7,55.0,29.0,83.8,40.5,34.5,26.0
2000,Gujarat South,-0.4,-0.107,-0.082,0.525,95.2,2.38,11.4,51.7,29.8,82.5,41.1,35.8,30.8
2001,Gujarat South,-0.1,-0.126,-0.02,0.444,94.2,2.39,8.7,52.8,29.8,82.7,39.7,35.6,25.0
2002,Gujarat South,0.8,-0.251,0.052,0.595,93.7,2.35,12.2,53.8,31.4,78.8,41.4,36.4,39.1
2003,Gujarat South,0.2,-0.243,-0.01,0.563,95.5,2.45,9.8,54.1,30.1,81.6,41.7,36.9,28.6
2004,Gujarat South,0.5,-0.288,0.017,0.572,93.0,2.4,10.9,55.4,30.6,82.6,40.5,35.9,36.3
2005,Gujarat South,-0.1,-0.097,-0.025,0.468,93.0,2.48,9.2,57.1,30.1,83.5,40.4,35.6,24.9
2006,Gujarat South,0.4,-0.344,0.066,0.54,95.7,2.36,13.1,58.1,29.2,81.0,40.9,36.8,32.7
2007,Gujarat South,-0.9,-0.025,-0.064,0.389,92.4,2.4,8.7,54.5,30.1,82.3,40.0,35.9,25.9
2008,Gujarat South,-0.3,-0.107,-0.085,0.475,97.7,2.47,9.1,56.5,29.4,83.9,38.8,36.1,27.9
2009,Gujarat South,0.7,-0.388,0.131,0.621,94.0,2.41,11.2,56.0,30.9,80.2,39.7,36.2,38.5
2010,Gujarat South,-1.3,0.12,-0.108,0.375,94.8,2.42,8.1,55.0,29.7,82.2,41.1,33.6,26.5
2011,Gujarat South,-0.6,0.043,-0.059,0.453,91.5,2.44,9.2,56.8,30.2,85.0,41.3,35.1,26.4
2012,Gujarat South,0.4,-0.229,-0.008,0.541,93.0,2.43,11.8,56.0,30.0,81.6,40.5,36.0,32.3
2013,Gujarat South,-0.3,-0.237,-0.011,0.504,97.0,2.41,10.0,54.8,28.5,81.6,40.4,35.9,28.0
2014,Gujarat South,0.2,-0.302,0.032,0.552,93.7,2.44,10.5,58.0,28.4,83.9,41.4,35.2,33.7
2015,Gujarat South,1.8,-0.539,0.268,0.83,88.8,2.38,17.3,58.2,31.5,74.9,43.3,38.9,56.0
2016,Gujarat South,-0.4,-0.223,-0.103,0.484,93.0,2.45,9.8,56.7,29.1,83.6,41.4,35.1,28.3
2017,Gujarat South,-0.2,-0.123,-0.057,0.461,95.7,2.44,9.2,57.0,29.1,82.8,39.0,35.1,27.2
2018,Gujarat South,0.4,-0.329,0.025,0.622,95.9,2.38,11.1,59.4,29.7,82.0,41.1,37.3,34.7
2019,Gujarat South,0.4,-0.342,0.055,0.558,95.1,2.36,9.3,58.7,30.8,83.3,40.8,36.8,30.2
2020,Gujarat South,-0.6,-0.087,-0.055,0.392,94.6,2.41,9.4,58.0,29.7,84.8,38.3,36.3,24.2
2021,Gujarat South,-0.6,-0.119,-0.094,0.511,93.8,2.43,7.7,56.9,29.5,82.6,39.8,36.5,27.9
2022,Gujarat South,-0.8,-0.072,-0.1,0.48,94.5,2.42,10.1,61.0,28.7,82.0,38.6,36.4,26.1
2023,Gujarat South,1.4,-0.401,0.123,0.741,89.7,2.34,15.8,61.5,31.2,82.2,42.7,38.4,48.5
2024,Gujarat South,0.1,-0.126,0.124,0.741,89.7,2.34,15.8,61.5,31.2,82.2,42.7,38.4,48.5
2025,Gujarat South,-0.1,0.149,0.124,0.742,89.7,2.34,15.8,61.5,31.2,82.2,42.7,38.4,48.5
2026,Gujarat South,1.8,0.149,0.124,0.742,89.7,2.34,15.8,61.5,31.2,82.2,42.7,38.4,48.5
1981,Karnataka North,-0.2,-0.112,0.006,0.519,94.7,2.43,7.8,49.6,31.1,86.1,40.6,34.8,25.9
1982,Karnataka North,1.3,-0.561,0.224,0.758,90.2,2.35,13.8,50.2,32.0,83.5,44.5,36.4,45.3
1983,Karnataka North,-0.2,-0.146,0.095,0.535,97.3,2.38,10.2,51.0,31.2,86.3,42.9,34.0,29.9
1984,Karnataka North,-0.4,-0.244,0.083,0.541,95.2,2.39,9.2,49.4,31.2,86.3,40.0,33.6,27.3
1985,Karnataka North,-0.3,-0.159,0.024,0.544,92.0,2.44,7.6,51.2,30.4,87.2,42.2,35.4,30.9
1986,Karnataka North,0.6,-0.276,0.199,0.572,93.5,2.34,11.7,47.3,31.1,81.7,42.5,34.6,35.6
1987,Karnataka North,1.4,-0.557,0.242,0.76,93.1,2.37,16.0,50.8,32.3,81.1,44.1,35.9,49.3
1988,Karnataka North,-1.3,0.084,-0.085,0.513,94.7,2.38,10.2,53.2,31.1,87.9,40.7,34.7,28.6
1989,Karnataka North,-0.3,-0.237,0.034,0.61,94.3,2.39,7.5,54.5,30.5,85.1,42.0,34.2,27.1
1990,Karnataka North,0.3,-0.292,0.119,0.57,94.2,2.38,8.5,51.3,31.7,83.8,40.2,34.7,33.2
1991,Karnataka North,0.8,-0.18,0.099,0.603,95.6,2.32,13.2,53.6,30.7,83.1,42.6,34.8,35.0
1992,Karnataka North,0.0,-0.107,-0.009,0.487,97.1,2.38,10.1,54.2,30.4,85.8,40.4,34.9,27.5
1993,Karnataka North,0.2,-0.381,0.096,0.606,94.2,2.4,9.2,52.9,31.6,84.2,42.2,35.5,33.5
1994,Karnataka North,0.4,-0.129,0.176,0.581,97.8,2.43,10.1,51.3,31.7,83.1,41.3,36.2,34.9
1995,Karnataka North,-0.6,-0.076,0.086,0.488,93.5,2.4,8.5,53.3,31.9,87.5,41.0,35.0,27.1
1996,Karnataka North,-0.3,-0.158,0.088,0.486,97.5,2.41,6.1,53.9,30.3,86.9,41.7,34.3,27.3
1997,Karnataka North,1.9,-0.503,0.219,0.832,86.0,2.3,16.1,54.0,33.2,79.2,43.9,37.2,54.4
1998,Karnataka North,-0.9,-0.107,-0.01,0.438,92.9,2.39,9.5,55.3,30.6,86.0,44.5,32.9,26.5
1999,Karnataka North,-1.0,-0.088,-0.017,0.465,94.2,2.41,8.3,57.0,32.0,86.7,40.7,34.4,28.8
2000,Karnataka North,-0.4,-0.002,0.12,0.459,92.8,2.37,8.5,55.6,31.3,87.3,41.6,34.4,25.4
2001,Karnataka North,-0.1,-0.173,0.034,0.416,97.1,2.37,8.2,53.0,31.2,86.8,41.7,35.2,25.8
2002,Karnataka North,0.8,-0.511,0.256,0.591,93.0,2.32,10.7,52.6,30.8,83.9,42.4,36.1,37.0
2003,Karnataka North,0.2,-0.174,0.105,0.513,94.3,2.34,9.0,56.9,31.7,87.1,42.9,34.5,30.2
2004,Karnataka North,0.5,-0.273,0.194,0.627,93.3,2.37,12.2,54.3,32.1,84.6,42.5,34.7,36.6
2005,Karnataka North,-0.1,-0.178,0.068,0.503,94.0,2.39,8.0,54.0,31.0,85.1,42.9,35.4,27.7
2006,Karnataka North,0.4,-0.218,0.188,0.59,95.6,2.35,9.0,56.9,31.1,85.2,42.1,36.0,28.7
2007,Karnataka North,-0.9,0.028,-0.015,0.498,91.4,2.38,7.9,57.6,31.7,85.3,42.4,33.9,27.2
2008,Karnataka North,-0.3,-0.171,0.062,0.53,93.0,2.39,7.2,57.1,31.0,87.1,42.3,33.9,29.6
2009,Karnataka North,0.7,-0.501,0.1,0.678,92.1,2.37,11.6,57.6,31.8,84.3,40.7,35.0,34.5
2010,Karnataka North,-1.3,0.09,-0.083,0.473,93.3,2.37,7.6,61.0,31.3,85.7,40.6,34.6,25.8
2011,Karnataka North,-0.6,-0.108,0.069,0.549,92.6,2.38,9.4,58.7,31.2,86.8,42.2,34.0,26.3
2012,Karnataka North,0.4,-0.158,0.13,0.563,93.1,2.37,10.1,55.3,31.6,84.8,41.0,35.6,34.2
2013,Karnataka North,-0.3,-0.302,-0.034,0.562,92.9,2.4,7.6,57.9,30.9,86.6,43.2,33.5,26.1
2014,Karnataka North,0.2,-0.248,0.088,0.563,96.1,2.36,7.8,59.7,31.5,86.0,41.6,35.1,32.0
2015,Karnataka North,1.8,-0.593,0.237,0.822,88.5,2.29,18.1,55.0,33.6,78.9,44.0,36.6,56.3
2016,Karnataka North,-0.4,0.007,-0.021,0.457,97.4,2.38,8.6,59.1,30.9,87.2,41.1,33.9,24.4
2017,Karnataka North,-0.2,-0.105,0.102,0.464,94.2,2.41,8.6,60.6,31.3,86.6,41.4,34.4,24.1
2018,Karnataka North,0.4,-0.189,0.138,0.591,94.1,2.38,9.4,56.7,30.7,85.3,42.1,35.3,35.9
2019,Karnataka North,0.4,-0.249,0.038,0.618,94.8,2.4,7.9,61.5,30.1,85.1,43.1,36.5,33.5
2020,Karnataka North,-0.6,0.074,0.032,0.481,93.8,2.38,9.0,62.5,31.1,87.1,44.5,36.1,26.2
2021,Karnataka North,-0.6,0.011,0.112,0.458,95.7,2.4,9.9,62.0,30.9,86.4,41.5,33.3,26.5
2022,Karnataka North,-0.8,0.035,-0.144,0.502,93.8,2.35,9.8,61.1,30.0,87.1,40.2,34.3,27.0
2023,Karnataka North,1.4,-0.505,0.264,0.731,91.7,2.35,14.9,62.9,32.0,81.4,44.1,35.7,44.9
2024,Karnataka North,0.1,-0.202,0.264,0.732,91.7,2.35,14.9,62.9,32.0,81.4,44.1,35.7,44.9
2025,Karnataka North,-0.1,0.101,0.265,0.732,91.7,2.35,14.9,62.9,32.0,81.4,44.1,35.7,44.9
2026,Karnataka North,1.8,0.101,0.265,0.733,91.7,2.35,14.9,62.9,32.0,81.4,44.1,35.7,44.9
